fold,seed,image_id,method,stage,mse,psnr_db,ssim,delta_e00,element_count,below_zero_count,above_one_count,total_oor_count,below_zero_fraction,above_one_fraction,total_oor_fraction,mean_clip_magnitude_active,max_clip_magnitude
0,20260813,0.png,RGB_ADD_FULL_B0P1,pre-clipping,0.0019991850741649243,26.991469992945763,0.9687440991401672,3.8144673644975824,529200,9717,7784,17501,0.018361678004535146,0.01470899470899471,0.033070672713529856,0.015136905448173128,0.05624917149543762
0,20260813,0.png,RGB_ADD_FULL_B0P1,post-clipping,0.001982802601577325,27.027205199414198,0.9777605533599854,3.7457928710096517,529200,9717,7784,17501,0.018361678004535146,0.01470899470899471,0.033070672713529856,0.015136905448173128,0.05624917149543762
0,20260813,0.png,BOSR_FULL_B1,final,0.001957367614945057,27.083276014503966,0.9712698459625244,3.688416226215566,,,,,,,0.0,,
0,20260813,1.png,RGB_ADD_FULL_B0P1,pre-clipping,0.00014778182379263468,38.303789780655876,0.9792405366897583,1.203309886855291,529200,9942,398,10340,0.018786848072562357,0.0007520786092214663,0.019538926681783825,0.028137809122102436,0.056043755263090134
0,20260813,1.png,RGB_ADD_FULL_B0P1,post-clipping,0.000127780727575126,38.93534643352393,0.9898791909217834,1.1344502331381536,529200,9942,398,10340,0.018786848072562357,0.0007520786092214663,0.019538926681783825,0.028137809122102436,0.056043755263090134
0,20260813,1.png,BOSR_FULL_B1,final,0.0001284778953963869,38.91171586209401,0.9831371903419495,1.149871985924703,,,,,,,0.0,,
0,20260813,3.png,RGB_ADD_FULL_B0P1,pre-clipping,0.0003364642758407043,34.73061040292507,0.8233765959739685,2.5571764953558085,529200,78407,0,78407,0.14816137566137566,0.0,0.14816137566137566,0.025254375570521282,0.05169138312339783
0,20260813,3.png,RGB_ADD_FULL_B0P1,post-clipping,0.00020956824861020543,36.78674516048702,0.9511449933052063,2.3542205039572948,529200,78407,0,78407,0.14816137566137566,0.0,0.14816137566137566,0.025254375570521282,0.05169138312339783
0,20260813,3.png,BOSR_FULL_B1,final,0.00020337993555157087,36.916918946239676,0.9413902163505554,2.3269328151896977,,,,,,,0.0,,
0,20260813,7.png,RGB_ADD_FULL_B0P1,pre-clipping,0.001683673321181895,27.737421697074915,0.9722312092781067,3.4837992454525963,529200,11253,0,11253,0.021264172335600906,0.0,0.021264172335600906,0.026354861987183457,0.055496037006378174
0,20260813,7.png,RGB_ADD_FULL_B0P1,post-clipping,0.0016631403923295515,27.790710886995882,0.9841207265853882,3.416195141133452,529200,11253,0,11253,0.021264172335600906,0.0,0.021264172335600906,0.026354861987183457,0.055496037006378174
0,20260813,7.png,BOSR_FULL_B1,final,0.0016945730427061706,27.709397066374315,0.9767950177192688,3.468492899011929,,,,,,,0.0,,
0,20260813,15.png,RGB_ADD_FULL_B0P1,pre-clipping,0.003160543265233673,25.00238260161837,0.9643938541412354,5.163082460884225,529200,9453,5158,14611,0.01786281179138322,0.009746787603930461,0.02760959939531368,0.01901681829406275,0.058045972138643265
0,20260813,15.png,RGB_ADD_FULL_B0P1,post-clipping,0.0031419234797424953,25.028043962312026,0.9747775793075562,5.092019260070803,529200,9453,5158,14611,0.01786281179138322,0.009746787603930461,0.02760959939531368,0.01901681829406275,0.058045972138643265
0,20260813,15.png,BOSR_FULL_B1,final,0.003177540539869836,24.979088998992246,0.9671840667724609,5.1168971830861265,,,,,,,0.0,,
0,20260813,17.png,RGB_ADD_FULL_B0P1,pre-clipping,0.0002841662378467111,35.46427522425031,0.9686186909675598,2.230433216203967,529200,14136,54,14190,0.02671201814058957,0.00010204081632653062,0.0268140589569161,0.026150847032739816,0.0568096898496151
0,20260813,17.png,RGB_ADD_FULL_B0P1,post-clipping,0.0002589532407106495,35.86778649566165,0.9861809015274048,2.1483326732231878,529200,14136,54,14190,0.02671201814058957,0.00010204081632653062,0.0268140589569161,0.026150847032739816,0.0568096898496151
0,20260813,17.png,BOSR_FULL_B1,final,0.00026334539316192414,35.7947427457954,0.9770253896713257,2.2791657704619617,,,,,,,0.0,,
0,20260813,24.png,RGB_ADD_FULL_B0P1,pre-clipping,0.00043269125737749645,33.638218797286356,0.9776815176010132,2.1354951536158646,529200,10648,2,10650,0.020120937263794405,3.7792894935752077e-06,0.020124716553287982,0.025194832269400752,0.054472263902425766
0,20260813,24.png,RGB_ADD_FULL_B0P1,post-clipping,0.0004152442193104594,33.816964047261614,0.9883689284324646,2.072255314143963,529200,10648,2,10650,0.020120937263794405,3.7792894935752077e-06,0.020124716553287982,0.025194832269400752,0.054472263902425766
0,20260813,24.png,BOSR_FULL_B1,final,0.000410254183603872,33.86946981495315,0.9809206128120422,2.057835688496514,,,,,,,0.0,,
0,20260813,26.png,RGB_ADD_FULL_B0P1,pre-clipping,0.0009384122847337766,30.276063155161744,0.9613867402076721,2.7397658308922908,529200,47243,1,47244,0.08927248677248677,1.8896447467876038e-06,0.08927437641723356,0.011430125563910858,0.053467657417058945
0,20260813,26.png,RGB_ADD_FULL_B0P1,post-clipping,0.0009110472888403086,30.40459079943151,0.9825994968414307,2.674727117945345,529200,47243,1,47244,0.08927248677248677,1.8896447467876038e-06,0.08927437641723356,0.011430125563910858,0.053467657417058945
0,20260813,26.png,BOSR_FULL_B1,final,0.0009437518509123934,30.25142183611496,0.9736673831939697,2.815518385925602,,,,,,,0.0,,
0,20260813,30.png,RGB_ADD_FULL_B0P1,pre-clipping,0.0019622722138024546,27.07240745808315,0.9695295691490173,4.376860629942527,529200,11528,752,12280,0.021783824640967498,0.001421012849584278,0.023204837490551775,0.024455879748297434,0.05591170862317085
0,20260813,30.png,RGB_ADD_FULL_B0P1,post-clipping,0.0019414432007614521,27.118753107356074,0.9827514290809631,4.308505503652846,529200,11528,752,12280,0.021783824640967498,0.001421012849584278,0.023204837490551775,0.024455879748297434,0.05591170862317085
0,20260813,30.png,BOSR_FULL_B1,final,0.0018923179307939774,27.230058954238284,0.9762606024742126,4.306188895957079,,,,,,,0.0,,
0,20260813,38.png,RGB_ADD_FULL_B0P1,pre-clipping,0.0001263894675993954,38.982891155635045,0.9795171618461609,1.2072297509706096,529200,10028,4,10032,0.01894935752078609,7.558578987150415e-06,0.018956916099773242,0.02775652492821906,0.05700410529971123
0,20260813,38.png,RGB_ADD_FULL_B0P1,post-clipping,0.0001078942781745284,39.67001586115221,0.9907788634300232,1.1409733370876696,529200,10028,4,10032,0.01894935752078609,7.558578987150415e-06,0.018956916099773242,0.02775652492821906,0.05700410529971123
0,20260813,38.png,BOSR_FULL_B1,final,0.00011136963984362482,39.532331847943944,0.9834102392196655,1.151153007442173,,,,,,,0.0,,
0,20260813,40.png,RGB_ADD_FULL_B0P1,pre-clipping,0.0001695734189817195,37.70642223389969,0.9781293869018555,1.3015874168487775,529200,27336,0,27336,0.05165532879818594,0.0,0.05165532879818594,0.012275251981855884,0.05443180724978447
0,20260813,40.png,RGB_ADD_FULL_B0P1,post-clipping,0.00015043263475011934,38.22657937983515,0.9903523921966553,1.2275934181599097,529200,27336,0,27336,0.05165532879818594,0.0,0.05165532879818594,0.012275251981855884,0.05443180724978447
0,20260813,40.png,BOSR_FULL_B1,final,0.0001562174908182185,38.06270342158015,0.9825512766838074,1.2585749156668815,,,,,,,0.0,,
0,20260813,47.png,RGB_ADD_FULL_B0P1,pre-clipping,0.0011612025067530393,29.350920353034734,0.9649490714073181,3.7522037225472444,529200,20387,0,20387,0.03852418745275888,0.0,0.03852418745275888,0.018045256277530924,0.05620192363858223
0,20260813,47.png,RGB_ADD_FULL_B0P1,post-clipping,0.0011402871007186893,29.429857885233094,0.9808180928230286,3.6769164624663624,529200,20387,0,20387,0.03852418745275888,0.0,0.03852418745275888,0.018045256277530924,0.05620192363858223
0,20260813,47.png,BOSR_FULL_B1,final,0.001160115128971996,29.354989095694716,0.9745882749557495,3.7011755761943013,,,,,,,0.0,,
0,20260813,51.png,RGB_ADD_FULL_B0P1,pre-clipping,0.0002352849938679907,36.28405770606158,0.9765875935554504,2.04673078873511,529200,13120,91,13211,0.024792139077853364,0.00017195767195767197,0.024964096749811034,0.022285488242132365,0.054838575422763824
0,20260813,51.png,RGB_ADD_FULL_B0P1,post-clipping,0.00021551524380515553,36.665220059379436,0.9903767704963684,1.9785480926328824,529200,13120,91,13211,0.024792139077853364,0.00017195767195767197,0.024964096749811034,0.022285488242132365,0.054838575422763824
0,20260813,51.png,BOSR_FULL_B1,final,0.0002430188542658949,36.14360030986085,0.9824218153953552,2.0702963814938196,,,,,,,0.0,,
0,20260813,60.png,RGB_ADD_FULL_B0P1,pre-clipping,0.0006054229035190082,32.179411534425924,0.9761561751365662,2.1648710276320586,529200,12519,17,12536,0.023656462585034014,3.2123960695389265e-05,0.023688586545729404,0.021977337709265972,0.0557200126349926
0,20260813,60.png,RGB_ADD_FULL_B0P1,post-clipping,0.0005878104290691811,32.30762712841466,0.9893117547035217,2.1012489574812805,529200,12519,17,12536,0.023656462585034014,3.2123960695389265e-05,0.023688586545729404,0.021977337709265972,0.0557200126349926
0,20260813,60.png,BOSR_FULL_B1,final,0.0006003054013858833,32.216277489620836,0.9808196425437927,2.163664014661405,,,,,,,0.0,,
0,20260813,65.png,RGB_ADD_FULL_B0P1,pre-clipping,0.0014758963425378338,28.309441434917527,0.8787451982498169,3.5509163092795486,529200,60638,57319,117957,0.11458427815570672,0.10831254724111868,0.2228968253968254,0.012275931130506283,0.05329658463597298
0,20260813,65.png,RGB_ADD_FULL_B0P1,post-clipping,0.001398797891648756,28.542450309567315,0.9722838997840881,3.404912025466312,529200,60638,57319,117957,0.11458427815570672,0.10831254724111868,0.2228968253968254,0.012275931130506283,0.05329658463597298
0,20260813,65.png,BOSR_FULL_B1,final,0.001358705270122988,28.66874740060033,0.968058705329895,3.305684044670527,,,,,,,0.0,,
0,20260813,66.png,RGB_ADD_FULL_B0P1,pre-clipping,0.0016864399546782903,27.73029117158513,0.9623644351959229,4.434448873322834,529200,18500,5,18505,0.034958427815570674,9.44822373393802e-06,0.03496787603930461,0.018942990028349482,0.05762442573904991
0,20260813,66.png,RGB_ADD_FULL_B0P1,post-clipping,0.0016655221531964475,27.78449586360983,0.9776908159255981,4.361728276983017,529200,18500,5,18505,0.034958427815570674,9.44822373393802e-06,0.03496787603930461,0.018942990028349482,0.05762442573904991
0,20260813,66.png,BOSR_FULL_B1,final,0.001683347224901471,27.738262926367476,0.97159743309021,4.378681273588142,,,,,,,0.0,,
0,20260813,69.png,RGB_ADD_FULL_B0P1,pre-clipping,0.00018791734238581806,37.26033138180939,0.9777976274490356,1.5242790225421539,529200,15924,36,15960,0.030090702947845806,6.802721088435374e-05,0.03015873015873016,0.018192229635509222,0.056720949709415436
0,20260813,69.png,RGB_ADD_FULL_B0P1,post-clipping,0.00016988995746504187,37.69832292387106,0.9911168813705444,1.4551032077444037,529200,15924,36,15960,0.030090702947845806,6.802721088435374e-05,0.03015873015873016,0.018192229635509222,0.056720949709415436
0,20260813,69.png,BOSR_FULL_B1,final,0.0001721755772094771,37.640284523910196,0.9835104942321777,1.455264627188826,,,,,,,0.0,,
0,20260813,78.png,RGB_ADD_FULL_B0P1,pre-clipping,0.00209427878074558,26.78965507527868,0.9639415740966797,4.551947102032297,529200,17757,2006,19763,0.03355442176870748,0.0037906273620559334,0.03734504913076342,0.015640111447723645,0.05695902183651924
0,20260813,78.png,RGB_ADD_FULL_B0P1,post-clipping,0.0020736688593332646,26.832605941602267,0.9767410159111023,4.481477853765314,529200,17757,2006,19763,0.03355442176870748,0.0037906273620559334,0.03734504913076342,0.015640111447723645,0.05695902183651924
0,20260813,78.png,BOSR_FULL_B1,final,0.00200491455329613,26.979041316835715,0.9705391526222229,4.446905786635074,,,,,,,0.0,,
0,20260813,80.png,RGB_ADD_FULL_B0P1,pre-clipping,0.0018791082067855997,27.26048210715429,0.9738384485244751,3.8460664971140908,529200,12956,5,12961,0.024482237339380198,9.44822373393802e-06,0.024491685563114134,0.022140247215370664,0.05979662016034126
0,20260813,80.png,RGB_ADD_FULL_B0P1,post-clipping,0.0018601829911475975,27.304443309774747,0.9817436933517456,3.777403367851408,529200,12956,5,12961,0.024482237339380198,9.44822373393802e-06,0.024491685563114134,0.022140247215370664,0.05979662016034126
0,20260813,80.png,BOSR_FULL_B1,final,0.001861599971765672,27.301136363081405,0.9757403135299683,3.7952111032351907,,,,,,,0.0,,
0,20260813,85.png,RGB_ADD_FULL_B0P1,pre-clipping,0.0003090272044079495,35.1000328690461,0.9760388135910034,2.504212766333928,529200,10235,0,10235,0.019340513983371128,0.0,0.019340513983371128,0.03006377622166675,0.05910855159163475
0,20260813,85.png,RGB_ADD_FULL_B0P1,post-clipping,0.00028704410006320937,35.42051375242363,0.9900363683700562,2.4329990602643923,529200,10235,0,10235,0.019340513983371128,0.0,0.019340513983371128,0.03006377622166675,0.05910855159163475
0,20260813,85.png,BOSR_FULL_B1,final,0.0002717109410379075,35.6589287340868,0.9828290343284607,2.338800781011496,,,,,,,0.0,,
0,20260813,89.png,RGB_ADD_FULL_B0P1,pre-clipping,0.0008119226382308078,30.904853493180056,0.9777016043663025,2.555446973886851,529200,9783,29,9812,0.018486394557823128,5.4799697656840517e-05,0.01854119425547997,0.029064275169774285,0.05499092489480972
0,20260813,89.png,RGB_ADD_FULL_B0P1,post-clipping,0.0007921376382130168,31.011993508310226,0.9875366687774658,2.487405367018239,529200,9783,29,9812,0.018486394557823128,5.4799697656840517e-05,0.01854119425547997,0.029064275169774285,0.05499092489480972
0,20260813,89.png,BOSR_FULL_B1,final,0.0008186255586153111,30.86914700208322,0.9808886647224426,2.541129879334745,,,,,,,0.0,,
0,20260813,91.png,RGB_ADD_FULL_B0P1,pre-clipping,0.0008777725877559863,30.566179860020984,0.955651581287384,2.693585227979069,529200,43027,14622,57649,0.08130574452003024,0.027630385487528344,0.10893613000755858,0.010979676640853185,0.05301197990775108
0,20260813,91.png,RGB_ADD_FULL_B0P1,post-clipping,0.0008444633912508675,30.734191729992546,0.9824946522712708,2.593011306142176,529200,43027,14622,57649,0.08130574452003024,0.027630385487528344,0.10893613000755858,0.010979676640853185,0.05301197990775108
0,20260813,91.png,BOSR_FULL_B1,final,0.0008192307637861345,30.865937474184157,0.9740935564041138,2.556884969101361,,,,,,,0.0,,
0,20260813,97.png,RGB_ADD_FULL_B0P1,pre-clipping,0.00023051890733288128,36.372934476557724,0.9765427112579346,1.9053763374426966,529200,27356,219,27575,0.051693121693121694,0.0004138321995464853,0.05210695389266818,0.012543277526031571,0.05616633966565132
0,20260813,97.png,RGB_ADD_FULL_B0P1,post-clipping,0.000211981251509074,36.73702548157167,0.9882636666297913,1.8187983331497053,529200,27356,219,27575,0.051693121693121694,0.0004138321995464853,0.05210695389266818,0.012543277526031571,0.05616633966565132
0,20260813,97.png,BOSR_FULL_B1,final,0.00020802179275448602,36.81891165146645,0.9807689785957336,1.7426780996776376,,,,,,,0.0,,
0,20260813,101.png,RGB_ADD_FULL_B0P1,pre-clipping,0.0006454861666166162,31.901130606422473,0.9759116172790527,2.421204007367094,529200,10953,21,10974,0.020697278911564625,3.968253968253968e-05,0.020736961451247166,0.025426809494914736,0.057436276227235794
0,20260813,101.png,RGB_ADD_FULL_B0P1,post-clipping,0.0006272520192447957,32.02557931933701,0.9875088930130005,2.3569929776039324,529200,10953,21,10974,0.020697278911564625,3.968253968253968e-05,0.020736961451247166,0.025426809494914736,0.057436276227235794
0,20260813,101.png,BOSR_FULL_B1,final,0.0006337340278388687,31.980929731558156,0.9798914194107056,2.3879248932103203,,,,,,,0.0,,
0,20260813,103.png,RGB_ADD_FULL_B0P1,pre-clipping,0.00012318374214541952,39.09446606801858,0.9797279238700867,1.3882629798889852,529200,9887,0,9887,0.01868291761148904,0.0,0.01868291761148904,0.026627911981199567,0.05714036151766777
0,20260813,103.png,RGB_ADD_FULL_B0P1,post-clipping,0.0001062696774090501,39.73590637758312,0.9889373183250427,1.3281109636514872,529200,9887,0,9887,0.01868291761148904,0.0,0.01868291761148904,0.026627911981199567,0.05714036151766777
0,20260813,103.png,BOSR_FULL_B1,final,0.00011040394917663428,39.5701539150768,0.9821740984916687,1.3144126477099816,,,,,,,0.0,,
0,20260813,112.png,RGB_ADD_FULL_B0P1,pre-clipping,0.0005066056543058979,32.953299672889635,0.9681094884872437,2.5811429836930637,529200,17939,22,17961,0.03389833711262283,4.157218442932729e-05,0.03393990929705215,0.021053224936431626,0.05945130065083504
0,20260813,112.png,RGB_ADD_FULL_B0P1,post-clipping,0.00048202476419680334,33.16930649151719,0.986897885799408,2.5121705575334285,529200,17939,22,17961,0.03389833711262283,4.157218442932729e-05,0.03393990929705215,0.021053224936431626,0.05945130065083504
0,20260813,112.png,BOSR_FULL_B1,final,0.00048348083329659205,33.15620738041205,0.9799510836601257,2.519769088586327,,,,,,,0.0,,
0,20260813,116.png,RGB_ADD_FULL_B0P1,pre-clipping,0.0005781236794036484,32.37979241965953,0.9782488942146301,2.2516387099422994,529200,13180,0,13180,0.02490551776266062,0.0,0.02490551776266062,0.0213632127032654,0.054583825170993805
0,20260813,116.png,RGB_ADD_FULL_B0P1,post-clipping,0.0005602608947600245,32.516096894771394,0.9867594838142395,2.1850929984748286,529200,13180,0,13180,0.02490551776266062,0.0,0.02490551776266062,0.0213632127032654,0.054583825170993805
0,20260813,116.png,BOSR_FULL_B1,final,0.0005547646656615977,32.55891208011291,0.9801362156867981,2.2026210836263944,,,,,,,0.0,,
0,20260813,123.png,RGB_ADD_FULL_B0P1,pre-clipping,0.0012126352715551981,29.162698037251573,0.9754201173782349,3.4335753007607863,529200,10316,0,10316,0.019493575207860922,0.0,0.019493575207860922,0.02608204497304994,0.05774304270744324
0,20260813,123.png,RGB_ADD_FULL_B0P1,post-clipping,0.0011949712641340375,29.22642538212138,0.9855169653892517,3.3707946506362974,529200,10316,0,10316,0.019493575207860922,0.0,0.019493575207860922,0.02608204497304994,0.05774304270744324
0,20260813,123.png,BOSR_FULL_B1,final,0.0011708399256290878,29.315024765484967,0.9787901639938354,3.3420186950037363,,,,,,,0.0,,
0,20260813,131.png,RGB_ADD_FULL_B0P1,pre-clipping,0.0013131918251322414,28.816718294996644,0.9581460356712341,3.934787875556602,529200,34187,709,34896,0.06460128495842782,0.0013397581254724112,0.06594104308390022,0.009995139852873909,0.05319742485880852
0,20260813,131.png,RGB_ADD_FULL_B0P1,post-clipping,0.0012940886995029956,28.880359552094433,0.9702351093292236,3.8643487493135353,529200,34187,709,34896,0.06460128495842782,0.0013397581254724112,0.06594104308390022,0.009995139852873909,0.05319742485880852
0,20260813,131.png,BOSR_FULL_B1,final,0.0011970820098728106,29.21876095863274,0.9671003222465515,3.7004173974046064,,,,,,,0.0,,
0,20260813,144.png,RGB_ADD_FULL_B0P1,pre-clipping,0.0021365781524664627,26.70281216788199,0.959581732749939,4.292424498227811,529200,16473,77,16550,0.0311281179138322,0.0001455026455026455,0.031273620559334844,0.024712442687617187,0.056192006915807724
0,20260813,144.png,RGB_ADD_FULL_B0P1,post-clipping,0.0021081977939131557,26.76088645463643,0.9810994267463684,4.216006542921317,529200,16473,77,16550,0.0311281179138322,0.0001455026455026455,0.031273620559334844,0.024712442687617187,0.056192006915807724
0,20260813,144.png,BOSR_FULL_B1,final,0.002081970134577334,26.815255046435862,0.9743505716323853,4.193040234270578,,,,,,,0.0,,
0,20260813,148.png,RGB_ADD_FULL_B0P1,pre-clipping,0.0011391350441454092,29.43424787377774,0.9624370336532593,3.5216170636089745,529200,59679,404,60083,0.11277210884353742,0.000763416477702192,0.1135355253212396,0.009669683407705545,0.05500487610697746
0,20260813,148.png,RGB_ADD_FULL_B0P1,post-clipping,0.0011132182485149196,29.534196830742733,0.9808900952339172,3.375313917988492,529200,59679,404,60083,0.11277210884353742,0.000763416477702192,0.1135355253212396,0.009669683407705545,0.05500487610697746
0,20260813,148.png,BOSR_FULL_B1,final,0.0011064155975828319,29.560817104327235,0.9739657044410706,3.321173263859496,,,,,,,0.0,,
0,20260813,151.png,RGB_ADD_FULL_B0P1,pre-clipping,0.0005736372697773984,32.41362639884115,0.9770818948745728,2.6875633404930963,529200,10262,3,10265,0.01939153439153439,5.668934240362812e-06,0.019397203325774753,0.02697612424803813,0.05761025473475456
0,20260813,151.png,RGB_ADD_FULL_B0P1,post-clipping,0.0005551954963301197,32.555540654763114,0.9881560802459717,2.623202227265827,529200,10262,3,10265,0.01939153439153439,5.668934240362812e-06,0.019397203325774753,0.02697612424803813,0.05761025473475456
0,20260813,151.png,BOSR_FULL_B1,final,0.0005819495915763747,32.35114632271659,0.9805982708930969,2.769471387450974,,,,,,,0.0,,
0,20260813,161.png,RGB_ADD_FULL_B0P1,pre-clipping,0.00046494783791597646,33.3259576748845,0.9301689863204956,2.179268147473514,529200,67812,0,67812,0.128140589569161,0.0,0.128140589569161,0.01313972438058819,0.051243919879198074
0,20260813,161.png,RGB_ADD_FULL_B0P1,post-clipping,0.0004209680237552619,33.75750891418613,0.9810514450073242,2.0948958024251434,529200,67812,0,67812,0.128140589569161,0.0,0.128140589569161,0.01313972438058819,0.051243919879198074
0,20260813,161.png,BOSR_FULL_B1,final,0.0004366413026358906,33.59875186037647,0.972030520439148,2.2582083403858517,,,,,,,0.0,,
0,20260813,168.png,RGB_ADD_FULL_B0P1,pre-clipping,0.0005030769908671803,32.98365545460838,0.9332574009895325,2.694816354172434,529200,13554,2644,16198,0.025612244897959182,0.0049962207105064245,0.03060846560846561,0.01977496687817569,0.052900202572345734
0,20260813,168.png,RGB_ADD_FULL_B0P1,post-clipping,0.0004815369594494756,33.17370373816803,0.9506763219833374,2.623089799046369,529200,13554,2644,16198,0.025612244897959182,0.0049962207105064245,0.03060846560846561,0.01977496687817569,0.052900202572345734
0,20260813,168.png,BOSR_FULL_B1,final,0.0005077616773968181,32.94340079994677,0.9477566480636597,2.6211866008481217,,,,,,,0.0,,
0,20260813,169.png,RGB_ADD_FULL_B0P1,pre-clipping,0.0006703344056234854,31.737084894098572,0.9773884415626526,2.491087669394816,529200,9519,1,9520,0.0179875283446712,1.8896447467876038e-06,0.01798941798941799,0.027602933230770125,0.05429347977042198
0,20260813,169.png,RGB_ADD_FULL_B0P1,post-clipping,0.000652986847804322,31.85095566019767,0.9852120876312256,2.4274113842303686,529200,9519,1,9520,0.0179875283446712,1.8896447467876038e-06,0.01798941798941799,0.027602933230770125,0.05429347977042198
0,20260813,169.png,BOSR_FULL_B1,final,0.000684527739112358,31.64608948261419,0.9791056513786316,2.4862764253386564,,,,,,,0.0,,
0,20260813,170.png,RGB_ADD_FULL_B0P1,pre-clipping,0.0013407651499147363,28.72647287046454,0.9753074049949646,3.71283521082257,529200,9457,0,9457,0.01787037037037037,0.0,0.01787037037037037,0.02719539183645848,0.060110341757535934
0,20260813,170.png,RGB_ADD_FULL_B0P1,post-clipping,0.0013237563876415015,28.78191931238934,0.9836002588272095,3.6496764690648846,529200,9457,0,9457,0.01787037037037037,0.0,0.01787037037037037,0.02719539183645848,0.060110341757535934
0,20260813,170.png,BOSR_FULL_B1,final,0.001297806633386125,28.867900103933014,0.9771604537963867,3.655773328693415,,,,,,,0.0,,
0,20260813,185.png,RGB_ADD_FULL_B0P1,pre-clipping,0.0021100735134268506,26.757024139347845,0.9383588433265686,4.422058809173742,529200,26188,8,26196,0.04948601662887377,1.511715797430083e-05,0.049501133786848076,0.023505119317944436,0.05668775364756584
0,20260813,185.png,RGB_ADD_FULL_B0P1,post-clipping,0.0020716149169823614,26.836909704385604,0.9779059886932373,4.333442750753816,529200,26188,8,26196,0.04948601662887377,1.511715797430083e-05,0.049501133786848076,0.023505119317944436,0.05668775364756584
0,20260813,185.png,BOSR_FULL_B1,final,0.0021280631812475425,26.7201548217594,0.9720214009284973,4.406537289386668,,,,,,,0.0,,
0,20260813,191.png,RGB_ADD_FULL_B0P1,pre-clipping,0.0012854162927113495,28.909561996879564,0.9731571078300476,3.5143342024205926,529200,14517,0,14517,0.027431972789115647,0.0,0.027431972789115647,0.019074530046857035,0.05682845041155815
0,20260813,191.png,RGB_ADD_FULL_B0P1,post-clipping,0.0012684159869220063,28.96738292828917,0.9813545346260071,3.4443711964085355,529200,14517,0,14517,0.027431972789115647,0.0,0.027431972789115647,0.019074530046857035,0.05682845041155815
0,20260813,191.png,BOSR_FULL_B1,final,0.0013071499374065492,28.836745935567848,0.9745492935180664,3.4816944197849353,,,,,,,0.0,,
0,20260813,192.png,RGB_ADD_FULL_B0P1,pre-clipping,0.00015334138728928195,38.14340611972216,0.9785244464874268,1.2306256816311574,529200,30415,315,30730,0.057473544973544975,0.0005952380952380953,0.05806878306878307,0.011274560369806175,0.05289905145764351
0,20260813,192.png,RGB_ADD_FULL_B0P1,post-clipping,0.00013389784630400743,38.73226408393573,0.9901362061500549,1.1623190801276024,529200,30415,315,30730,0.057473544973544975,0.0005952380952380953,0.05806878306878307,0.011274560369806175,0.05289905145764351
0,20260813,192.png,BOSR_FULL_B1,final,0.00015336628439953037,38.14270103937249,0.9821766018867493,1.2736650031649275,,,,,,,0.0,,
0,20260813,204.png,RGB_ADD_FULL_B0P1,pre-clipping,0.0005391927032164907,32.68255993650511,0.96551513671875,2.309379306488853,529200,22274,0,22274,0.04208994708994709,0.0,0.04208994708994709,0.019071179476495184,0.052803218364715576
0,20260813,204.png,RGB_ADD_FULL_B0P1,post-clipping,0.0005152926695266965,32.87946035700676,0.9852609038352966,2.233662732706662,529200,22274,0,22274,0.04208994708994709,0.0,0.04208994708994709,0.019071179476495184,0.052803218364715576
0,20260813,204.png,BOSR_FULL_B1,final,0.0005240869408666305,32.805966618586,0.9777237176895142,2.315718812600553,,,,,,,0.0,,
0,20260813,208.png,RGB_ADD_FULL_B0P1,pre-clipping,0.0023935929693665176,26.20949699454758,0.9668919444084167,4.630302618558159,529200,9615,1,9616,0.01816893424036281,1.8896447467876038e-06,0.0181708238851096,0.028444132947108222,0.05981497839093208
0,20260813,208.png,RGB_ADD_FULL_B0P1,post-clipping,0.002374660427156075,26.243984850522267,0.9771954417228699,4.563824001896458,529200,9615,1,9616,0.01816893424036281,1.8896447467876038e-06,0.0181708238851096,0.028444132947108222,0.05981497839093208
0,20260813,208.png,BOSR_FULL_B1,final,0.002398032309204389,26.201449698549123,0.9704214930534363,4.5907745420875266,,,,,,,0.0,,
0,20260813,214.png,RGB_ADD_FULL_B0P1,pre-clipping,0.0005404965550293115,32.67207069770853,0.9788681268692017,2.308540596089944,529200,9248,0,9248,0.01747543461829176,0.0,0.01747543461829176,0.026403707640950267,0.058278050273656845
0,20260813,214.png,RGB_ADD_FULL_B0P1,post-clipping,0.0005251409566888903,32.79724108983304,0.9853512048721313,2.2422293353943505,529200,9248,0,9248,0.01747543461829176,0.0,0.01747543461829176,0.026403707640950267,0.058278050273656845
0,20260813,214.png,BOSR_FULL_B1,final,0.0005507124283547316,32.590751223475294,0.9786914587020874,2.238283083424391,,,,,,,0.0,,
0,20260813,220.png,RGB_ADD_FULL_B0P1,pre-clipping,0.0010459621608671671,29.804840263901934,0.9773147106170654,2.8501962065329365,529200,10677,0,10677,0.020175736961451248,0.0,0.020175736961451248,0.026872915551750476,0.05567165091633797
0,20260813,220.png,RGB_ADD_FULL_B0P1,post-clipping,0.0010265747494326617,29.886094222464287,0.9869133234024048,2.7805011524278482,529200,10677,0,10677,0.020175736961451248,0.0,0.020175736961451248,0.026872915551750476,0.05567165091633797
0,20260813,220.png,BOSR_FULL_B1,final,0.0010642292675192557,29.729648016532334,0.9800812005996704,2.8397499488874494,,,,,,,0.0,,
0,20260813,221.png,RGB_ADD_FULL_B0P1,pre-clipping,0.0006463027036846018,31.895640272850518,0.9485610723495483,2.4791692601412545,529200,54009,0,54009,0.1020578231292517,0.0,0.1020578231292517,0.013876503944428804,0.05361272022128105
0,20260813,221.png,RGB_ADD_FULL_B0P1,post-clipping,0.0006112611456686095,32.13773208918232,0.9857186079025269,2.3918705830926337,529200,54009,0,54009,0.1020578231292517,0.0,0.1020578231292517,0.013876503944428804,0.05361272022128105
0,20260813,221.png,BOSR_FULL_B1,final,0.00059913488737969,32.22475390883097,0.978300929069519,2.4456012400991827,,,,,,,0.0,,
0,20260813,222.png,RGB_ADD_FULL_B0P1,pre-clipping,0.0002331067282270195,36.32445191131086,0.9795327186584473,1.5902936514707435,529200,24956,168,25124,0.04715797430083144,0.00031746031746031746,0.04747543461829176,0.012427311380817083,0.056789230555295944
0,20260813,222.png,RGB_ADD_FULL_B0P1,post-clipping,0.00021629291797149836,36.64957700330911,0.9883995056152344,1.5095608627649975,529200,24956,168,25124,0.04715797430083144,0.00031746031746031746,0.04747543461829176,0.012427311380817083,0.056789230555295944
0,20260813,222.png,BOSR_FULL_B1,final,0.00023422143988627644,36.303733535073384,0.9812883734703064,1.5491321702955256,,,,,,,0.0,,
0,20260813,223.png,RGB_ADD_FULL_B0P1,pre-clipping,0.0020976576674648422,26.782653861433566,0.9723606109619141,4.159684961721793,529200,12029,1,12030,0.022730536659108087,1.8896447467876038e-06,0.022732426303854875,0.023234652236509678,0.055540718138217926
0,20260813,223.png,RGB_ADD_FULL_B0P1,post-clipping,0.0020799101984921922,26.819554155859056,0.983813464641571,4.085672783623086,529200,12029,1,12030,0.022730536659108087,1.8896447467876038e-06,0.022732426303854875,0.023234652236509678,0.055540718138217926
0,20260813,223.png,BOSR_FULL_B1,final,0.0021643025130846654,26.646820362728562,0.9756836295127869,4.153846026880712,,,,,,,0.0,,
0,20260813,231.png,RGB_ADD_FULL_B0P1,pre-clipping,0.002376442873129422,26.24072621168448,0.9717357754707336,4.527878650460701,529200,10221,0,10221,0.0193140589569161,0.0,0.0193140589569161,0.027272828427752888,0.05796298012137413
0,20260813,231.png,RGB_ADD_FULL_B0P1,post-clipping,0.002357756866449898,26.275009816850883,0.9817548990249634,4.458775149866548,529200,10221,0,10221,0.0193140589569161,0.0,0.0193140589569161,0.027272828427752888,0.05796298012137413
0,20260813,231.png,BOSR_FULL_B1,final,0.002433160475575083,26.13829246861037,0.9745587110519409,4.52172654663417,,,,,,,0.0,,
0,20260813,240.png,RGB_ADD_FULL_B0P1,pre-clipping,0.0007080249807499756,31.49951419131591,0.9778386354446411,2.463618920036497,529200,10601,0,10601,0.02003212396069539,0.0,0.02003212396069539,0.02498319070139886,0.05312690883874893
0,20260813,240.png,RGB_ADD_FULL_B0P1,post-clipping,0.0006908008770475746,31.606471197196914,0.98649001121521,2.3971567438148216,529200,10601,0,10601,0.02003212396069539,0.0,0.02003212396069539,0.02498319070139886,0.05312690883874893
0,20260813,240.png,BOSR_FULL_B1,final,0.0007329051828022023,31.349522071451617,0.9795106649398804,2.4756329162470885,,,,,,,0.0,,
0,20260813,242.png,RGB_ADD_FULL_B0P1,pre-clipping,0.0001183241154573066,39.26926733455757,0.9786673188209534,1.2344840621588422,529200,12619,0,12619,0.023845427059712775,0.0,0.023845427059712775,0.0221932141713477,0.05649292469024658
0,20260813,242.png,RGB_ADD_FULL_B0P1,post-clipping,0.0001007956077971968,39.96558392007561,0.9894596338272095,1.1638069292285773,529200,12619,0,12619,0.023845427059712775,0.0,0.023845427059712775,0.0221932141713477,0.05649292469024658
0,20260813,242.png,BOSR_FULL_B1,final,0.00011489494333684255,39.396990847079856,0.981375515460968,1.2623422934262742,,,,,,,0.0,,
0,20260813,264.png,RGB_ADD_FULL_B0P1,pre-clipping,0.0005843918750589121,32.332958307966216,0.9774861335754395,2.1550047144341473,529200,17745,65,17810,0.03353174603174603,0.00012282690854119424,0.033654572940287224,0.018042094827980505,0.058372724801301956
0,20260813,264.png,RGB_ADD_FULL_B0P1,post-clipping,0.0005645185847159221,32.4832175594147,0.9856790900230408,2.077613319003572,529200,17745,65,17810,0.03353174603174603,0.00012282690854119424,0.033654572940287224,0.018042094827980505,0.058372724801301956
0,20260813,264.png,BOSR_FULL_B1,final,0.0005822004824770653,32.349274389916076,0.9794535636901855,2.124628652027379,,,,,,,0.0,,
0,20260813,266.png,RGB_ADD_FULL_B0P1,pre-clipping,0.0016817360589046902,27.742421638032454,0.9130862355232239,4.032842549605901,529200,38824,2,38826,0.07336356764928194,3.7792894935752077e-06,0.07336734693877552,0.023462546863046944,0.054311539977788925
0,20260813,266.png,RGB_ADD_FULL_B0P1,post-clipping,0.0016277986530168363,27.883993152279004,0.9695115685462952,3.8818472738978436,529200,38824,2,38826,0.07336356764928194,3.7792894935752077e-06,0.07336734693877552,0.023462546863046944,0.054311539977788925
0,20260813,266.png,BOSR_FULL_B1,final,0.0016135222502079028,27.922250413689163,0.9577672481536865,3.843809708294001,,,,,,,0.0,,
0,20260813,267.png,RGB_ADD_FULL_B0P1,pre-clipping,0.00026800289966924577,35.718605070774046,0.9797735810279846,1.6039058115542038,529200,27282,0,27282,0.05155328798185941,0.0,0.05155328798185941,0.011086596542328794,0.052627164870500565
0,20260813,267.png,RGB_ADD_FULL_B0P1,post-clipping,0.0002521624647293359,35.98319559214656,0.9891619682312012,1.533775993642408,529200,27282,0,27282,0.05155328798185941,0.0,0.05155328798185941,0.011086596542328794,0.052627164870500565
0,20260813,267.png,BOSR_FULL_B1,final,0.00023932644049177147,36.21009318413975,0.9818009734153748,1.5067727405700593,,,,,,,0.0,,
0,20260813,276.png,RGB_ADD_FULL_B0P1,pre-clipping,0.00017296272273533225,37.62047486783322,0.9791591167449951,1.3011061639815342,529200,20396,0,20396,0.03854119425547997,0.0,0.03854119425547997,0.014080868640658543,0.05381741747260094
0,20260813,276.png,RGB_ADD_FULL_B0P1,post-clipping,0.00015620177321071802,38.06314040297009,0.9909535646438599,1.2348563148262472,529200,20396,0,20396,0.03854119425547997,0.0,0.03854119425547997,0.014080868640658543,0.05381741747260094
0,20260813,276.png,BOSR_FULL_B1,final,0.00015762732330610864,38.02368499203403,0.9830572009086609,1.2784358254074706,,,,,,,0.0,,
0,20260813,283.png,RGB_ADD_FULL_B0P1,pre-clipping,0.002088498839403127,26.80165761739994,0.9283262491226196,4.248296569146006,529200,47503,0,47503,0.08976379440665155,0.0,0.08976379440665155,0.01929127787252589,0.05364897847175598
0,20260813,283.png,RGB_ADD_FULL_B0P1,post-clipping,0.00203656384852121,26.911019697538904,0.9734132289886475,4.042730602500508,529200,47503,0,47503,0.08976379440665155,0.0,0.08976379440665155,0.01929127787252589,0.05364897847175598
0,20260813,283.png,BOSR_FULL_B1,final,0.002102025598789136,26.773619993709687,0.9536969661712646,4.1381022982394695,,,,,,,0.0,,
0,20260813,286.png,RGB_ADD_FULL_B0P1,pre-clipping,0.0005466042023580705,32.623270337229314,0.977857768535614,2.317047518104283,529200,9724,0,9724,0.01837490551776266,0.0,0.01837490551776266,0.0276789633124682,0.05738579109311104
0,20260813,286.png,RGB_ADD_FULL_B0P1,post-clipping,0.0005289725002967793,32.76566905053278,0.9866801500320435,2.249341655818645,529200,9724,0,9724,0.01837490551776266,0.0,0.01837490551776266,0.0276789633124682,0.05738579109311104
0,20260813,286.png,BOSR_FULL_B1,final,0.0005564450698105185,32.545777011507006,0.979596734046936,2.3015598831628674,,,,,,,0.0,,
0,20260813,288.png,RGB_ADD_FULL_B0P1,pre-clipping,0.00062771764786561,32.02235661276147,0.9709135293960571,2.6248267242563146,529200,16973,2252,19225,0.032072940287226,0.004255479969765684,0.036328420256991685,0.016288383747384397,0.05632765218615532
0,20260813,288.png,RGB_ADD_FULL_B0P1,post-clipping,0.0006095569258896783,32.14985729839989,0.983195960521698,2.541185236436268,529200,16973,2252,19225,0.032072940287226,0.004255479969765684,0.036328420256991685,0.016288383747384397,0.05632765218615532
0,20260813,288.png,BOSR_FULL_B1,final,0.0005816556988992084,32.353340124544815,0.9763128161430359,2.459855683094957,,,,,,,0.0,,
0,20260813,299.png,RGB_ADD_FULL_B0P1,pre-clipping,0.002351481246040395,26.286584805681883,0.9181215763092041,4.258583661255765,529200,37726,2,37728,0.07128873771730915,3.7792894935752077e-06,0.07129251700680272,0.023593615968099012,0.054125409573316574
0,20260813,299.png,RGB_ADD_FULL_B0P1,post-clipping,0.002294553822976867,26.393017506746176,0.9744810461997986,4.150741701923227,529200,37726,2,37728,0.07128873771730915,3.7792894935752077e-06,0.07129251700680272,0.023593615968099012,0.054125409573316574
0,20260813,299.png,BOSR_FULL_B1,final,0.002232951246900468,26.511207589855452,0.9642958045005798,4.171868705473237,,,,,,,0.0,,
0,20260813,300.png,RGB_ADD_FULL_B0P1,pre-clipping,0.0015279923401471092,28.158788228808657,0.9726632237434387,3.568209163769393,529200,11323,1,11324,0.02139644746787604,1.8896447467876038e-06,0.021398337112622828,0.025840311218751657,0.05605974420905113
0,20260813,300.png,RGB_ADD_FULL_B0P1,post-clipping,0.0015084038822824229,28.214823584915145,0.9863668084144592,3.4931462548952017,529200,11323,1,11324,0.02139644746787604,1.8896447467876038e-06,0.021398337112622828,0.025840311218751657,0.05605974420905113
0,20260813,300.png,BOSR_FULL_B1,final,0.0014796659847309507,28.298363098481502,0.9775974750518799,3.5370454873007127,,,,,,,0.0,,
0,20260813,309.png,RGB_ADD_FULL_B0P1,pre-clipping,0.001803848489650081,27.437999428873212,0.9507968425750732,3.965672854808577,529200,26903,0,26903,0.05083711262282691,0.0,0.05083711262282691,0.021054046439767438,0.054287441074848175
0,20260813,309.png,RGB_ADD_FULL_B0P1,post-clipping,0.001769940302010641,27.52041381629487,0.9796923398971558,3.845188858034315,529200,26903,0,26903,0.05083711262282691,0.0,0.05083711262282691,0.021054046439767438,0.054287441074848175
0,20260813,309.png,BOSR_FULL_B1,final,0.0018003471701269734,27.446437396010133,0.9693259000778198,3.8602945408990106,,,,,,,0.0,,
0,20260813,313.png,RGB_ADD_FULL_B0P1,pre-clipping,0.0002650947975194521,35.765987952045315,0.9781168699264526,1.665119363911527,529200,32507,24,32531,0.06142668178382464,4.5351473922902495e-05,0.06147203325774754,0.010371627718296856,0.05481598526239395
0,20260813,313.png,RGB_ADD_FULL_B0P1,post-clipping,0.0002453670009243541,36.10183845358474,0.9894009828567505,1.6111392943549174,529200,32507,24,32531,0.06142668178382464,4.5351473922902495e-05,0.06147203325774754,0.010371627718296856,0.05481598526239395
0,20260813,313.png,BOSR_FULL_B1,final,0.00026382202616202863,35.78688948587623,0.9821354150772095,1.7338978141362051,,,,,,,0.0,,
0,20260813,319.png,RGB_ADD_FULL_B0P1,pre-clipping,0.00030820053909704,35.111666059593745,0.977138102054596,1.8305957138776128,529200,13029,1,13030,0.02462018140589569,1.8896447467876038e-06,0.02462207105064248,0.022463174544179478,0.057939331978559494
0,20260813,319.png,RGB_ADD_FULL_B0P1,post-clipping,0.00028919957645746035,35.38802347415966,0.9898536801338196,1.757524525849098,529200,13029,1,13030,0.02462018140589569,1.8896447467876038e-06,0.02462207105064248,0.022463174544179478,0.057939331978559494
0,20260813,319.png,BOSR_FULL_B1,final,0.00032070654714366504,34.93892173968216,0.9817696213722229,1.864376085454184,,,,,,,0.0,,
0,20260813,332.png,RGB_ADD_FULL_B0P1,pre-clipping,0.0005316828065932813,32.743473835496445,0.9787088632583618,2.1754507693610337,529200,9252,37129,46381,0.01748299319727891,0.07016061980347695,0.08764361300075586,0.008775275102689242,0.05699973180890083
0,20260813,332.png,RGB_ADD_FULL_B0P1,post-clipping,0.00050812976377807,32.9402536547941,0.9870606660842896,2.0944530594925874,529200,9252,37129,46381,0.01748299319727891,0.07016061980347695,0.08764361300075586,0.008775275102689242,0.05699973180890083
0,20260813,332.png,BOSR_FULL_B1,final,0.0004758319651055423,33.22546386589099,0.980229377746582,2.0443801451451424,,,,,,,0.0,,
0,20260813,334.png,RGB_ADD_FULL_B0P1,pre-clipping,0.001685099813446534,27.73374369483921,0.9757634997367859,3.5845310527164065,529200,9832,11,9843,0.018578987150415723,2.0786092214663643e-05,0.018599773242630385,0.028232530333401597,0.058087315410375595
0,20260813,334.png,RGB_ADD_FULL_B0P1,post-clipping,0.001666548107522488,27.781821452317743,0.9854903817176819,3.5163317830148615,529200,9832,11,9843,0.018578987150415723,2.0786092214663643e-05,0.018599773242630385,0.028232530333401597,0.058087315410375595
0,20260813,334.png,BOSR_FULL_B1,final,0.0017308447875257163,27.617418754772324,0.9785881638526917,3.5848899253970106,,,,,,,0.0,,
0,20260813,337.png,RGB_ADD_FULL_B0P1,pre-clipping,0.0003273533609139805,34.84983195848131,0.9786955118179321,1.8045628869399022,529200,10710,0,10710,0.02023809523809524,0.0,0.02023809523809524,0.024550435597515716,0.054588865488767624
0,20260813,337.png,RGB_ADD_FULL_B0P1,post-clipping,0.0003106898409004135,35.076729473019114,0.9873688220977783,1.739080795359195,529200,10710,0,10710,0.02023809523809524,0.0,0.02023809523809524,0.024550435597515716,0.054588865488767624
0,20260813,337.png,BOSR_FULL_B1,final,0.00033129995732071376,34.797786200654585,0.9804356694221497,1.800190090618052,,,,,,,0.0,,
0,20260813,349.png,RGB_ADD_FULL_B0P1,pre-clipping,0.0009974729172407952,30.010988871725942,0.937421977519989,3.0886035309718136,529200,11538,4513,16051,0.021802721088435374,0.008527966742252457,0.03033068783068783,0.02092264970869517,0.05599247291684151
0,20260813,349.png,RGB_ADD_FULL_B0P1,post-clipping,0.0009734660169333867,30.116792048177174,0.9578269124031067,3.019873732820868,529200,11538,4513,16051,0.021802721088435374,0.008527966742252457,0.03033068783068783,0.02092264970869517,0.05599247291684151
0,20260813,349.png,BOSR_FULL_B1,final,0.0009521114590413837,30.21312207904191,0.9640674591064453,2.8692876872234523,,,,,,,0.0,,
0,20260813,351.png,RGB_ADD_FULL_B0P1,pre-clipping,0.0002905380846245118,35.36796930887522,0.9623606204986572,1.8428244589451392,529200,20007,0,20007,0.037806122448979594,0.0,0.037806122448979594,0.023377110638209814,0.05413612350821495
0,20260813,351.png,RGB_ADD_FULL_B0P1,post-clipping,0.00026045804653118004,35.842622210298664,0.9868181347846985,1.7757588655491918,529200,20007,0,20007,0.037806122448979594,0.0,0.037806122448979594,0.023377110638209814,0.05413612350821495
0,20260813,351.png,BOSR_FULL_B1,final,0.0002573957745383156,35.89398586840162,0.9797583222389221,1.8502951750014305,,,,,,,0.0,,
0,20260813,358.png,RGB_ADD_FULL_B0P1,pre-clipping,0.0004534212096902627,33.434981687352995,0.9658312797546387,2.0997396943622695,529200,27484,0,27484,0.05193499622071051,0.0,0.05193499622071051,0.017996280008632487,0.05845612287521362
0,20260813,358.png,RGB_ADD_FULL_B0P1,post-clipping,0.0004245412222768418,33.72080134069785,0.987524151802063,1.9945369847779508,529200,27484,0,27484,0.05193499622071051,0.0,0.05193499622071051,0.017996280008632487,0.05845612287521362
0,20260813,358.png,BOSR_FULL_B1,final,0.0004549652233654763,33.42021798678473,0.9793146252632141,2.059363958712282,,,,,,,0.0,,
0,20260813,365.png,RGB_ADD_FULL_B0P1,pre-clipping,0.0006628704301872775,31.785713538787206,0.9768032431602478,2.7265575347156807,529200,9812,7,9819,0.01854119425547997,1.3227513227513228e-05,0.018554421768707485,0.026851988901430035,0.05872023105621338
0,20260813,365.png,RGB_ADD_FULL_B0P1,post-clipping,0.0006453822588380449,31.90182977256626,0.9878476858139038,2.6610993745912737,529200,9812,7,9819,0.01854119425547997,1.3227513227513228e-05,0.018554421768707485,0.026851988901430035,0.05872023105621338
0,20260813,365.png,BOSR_FULL_B1,final,0.000620694564653711,32.07122057661544,0.9804010987281799,2.633229643495246,,,,,,,0.0,,
0,20260813,368.png,RGB_ADD_FULL_B0P1,pre-clipping,0.0011508550509051665,29.3897937190119,0.9247018098831177,3.0867149457483776,529200,35887,34,35921,0.06781368102796674,6.424792139077853e-05,0.06787792894935753,0.02658215600989435,0.054262351244688034
0,20260813,368.png,RGB_ADD_FULL_B0P1,post-clipping,0.0010893164031179749,29.628459566355193,0.9753820300102234,2.897486079741789,529200,35887,34,35921,0.06781368102796674,6.424792139077853e-05,0.06787792894935753,0.02658215600989435,0.054262351244688034
0,20260813,368.png,BOSR_FULL_B1,final,0.0011288543900334104,29.473620737378372,0.9546018838882446,2.9845432391717908,,,,,,,0.0,,
0,20260813,374.png,RGB_ADD_FULL_B0P1,pre-clipping,0.0004222623186871206,33.74417671869913,0.9772933125495911,2.068441366726888,529200,11390,0,11390,0.02152305366591081,0.0,0.02152305366591081,0.024930646545625223,0.057793762534856796
0,20260813,374.png,RGB_ADD_FULL_B0P1,post-clipping,0.0004033894219674662,33.94275494426159,0.9892151951789856,1.9983301235006738,529200,11390,0,11390,0.02152305366591081,0.0,0.02152305366591081,0.024930646545625223,0.057793762534856796
0,20260813,374.png,BOSR_FULL_B1,final,0.0004359185633844906,33.60594636364767,0.981655478477478,2.073655956136075,,,,,,,0.0,,
0,20260813,379.png,RGB_ADD_FULL_B0P1,pre-clipping,0.001297211598674463,28.869891768524436,0.9748541116714478,3.2658428754248496,529200,11050,2,11052,0.020880574452003024,3.7792894935752077e-06,0.020884353741496598,0.02453059103898882,0.05754988268017769
0,20260813,379.png,RGB_ADD_FULL_B0P1,post-clipping,0.0012795267057374446,28.92950645272403,0.9823483824729919,3.199627066909036,529200,11050,2,11052,0.020880574452003024,3.7792894935752077e-06,0.020884353741496598,0.02453059103898882,0.05754988268017769
0,20260813,379.png,BOSR_FULL_B1,final,0.001303152450617918,28.850047749326638,0.9760578274726868,3.2436261967113253,,,,,,,0.0,,
0,20260813,382.png,RGB_ADD_FULL_B0P1,pre-clipping,0.0012616973514047072,28.99044808624369,0.954014003276825,3.540395098850123,529200,35186,12,35198,0.06648904006046863,2.2675736961451248e-05,0.06651171579743008,0.017202640696725176,0.05472904443740845
0,20260813,382.png,RGB_ADD_FULL_B0P1,post-clipping,0.0012280138134106431,29.10796747971498,0.9788550734519958,3.413498709906465,529200,35186,12,35198,0.06648904006046863,2.2675736961451248e-05,0.06651171579743008,0.017202640696725176,0.05472904443740845
0,20260813,382.png,BOSR_FULL_B1,final,0.0012617434193716549,28.990289516531472,0.96956467628479,3.4535531608464978,,,,,,,0.0,,
1,20260813,2.png,RGB_ADD_FULL_B0P1,pre-clipping,0.0023415477576723487,26.304969800206777,0.9622928500175476,4.809246391286869,529200,10692,1173,11865,0.02020408163265306,0.0022165532879818593,0.02242063492063492,0.02927431982360541,0.09145212173461914
1,20260813,2.png,RGB_ADD_FULL_B0P1,post-clipping,0.0023087362253421226,26.36625682683593,0.972537100315094,4.738795166093436,529200,10692,1173,11865,0.02020408163265306,0.0022165532879818593,0.02242063492063492,0.02927431982360541,0.09145212173461914
1,20260813,2.png,BOSR_FULL_B1,final,0.0022347264334841035,26.5077563391908,0.9643610715866089,4.679910973451864,,,,,,,0.0,,
1,20260813,8.png,RGB_ADD_FULL_B0P1,pre-clipping,0.0019709983568838045,27.053137377685495,0.9684245586395264,4.184799592514989,529200,14514,10,14524,0.027426303854875284,1.889644746787604e-05,0.02744520030234316,0.022537154837383083,0.082850381731987
1,20260813,8.png,RGB_ADD_FULL_B0P1,post-clipping,0.0019439069083842732,27.113245368084378,0.9781751036643982,4.116761596128734,529200,14514,10,14524,0.027426303854875284,1.889644746787604e-05,0.02744520030234316,0.022537154837383083,0.082850381731987
1,20260813,8.png,BOSR_FULL_B1,final,0.002051128753456769,26.880070772421867,0.9653963446617126,4.238755727425632,,,,,,,0.0,,
1,20260813,9.png,RGB_ADD_FULL_B0P1,pre-clipping,0.0003317431258676907,34.791980674949066,0.9771183133125305,1.731802417787144,529200,28130,11,28141,0.0531557067271353,2.0786092214663643e-05,0.05317649281934996,0.013765661073870986,0.08587277680635452
1,20260813,9.png,RGB_ADD_FULL_B0P1,post-clipping,0.0003040645156887966,35.17034259039443,0.9881559014320374,1.6436835835308987,529200,28130,11,28141,0.0531557067271353,2.0786092214663643e-05,0.05317649281934996,0.013765661073870986,0.08587277680635452
1,20260813,9.png,BOSR_FULL_B1,final,0.0003304598571143691,34.808812892572185,0.976098358631134,1.7122693446595936,,,,,,,0.0,,
1,20260813,19.png,RGB_ADD_FULL_B0P1,pre-clipping,0.00011005961937232032,39.583719934764055,0.9773063659667969,1.2091954462286847,529200,56816,0,56816,0.10736205593348451,0.0,0.10736205593348451,0.007334460870912343,0.08798150718212128
1,20260813,19.png,RGB_ADD_FULL_B0P1,post-clipping,8.496942219499001e-05,40.70737335005504,0.9877812266349792,1.1322258054675918,529200,56816,0,56816,0.10736205593348451,0.0,0.10736205593348451,0.007334460870912343,0.08798150718212128
1,20260813,19.png,BOSR_FULL_B1,final,0.0001181295528023063,39.27641440122335,0.9751031994819641,1.2825201877724812,,,,,,,0.0,,
1,20260813,22.png,RGB_ADD_FULL_B0P1,pre-clipping,0.0016407233992081639,27.849646281624658,0.9706861972808838,3.5399635710055484,529200,27963,4,27967,0.05284013605442177,7.558578987150415e-06,0.052847694633408916,0.01543146173344412,0.08743541687726974
1,20260813,22.png,RGB_ADD_FULL_B0P1,post-clipping,0.0016072185573794305,27.939250617495052,0.9850262403488159,3.4432309399517895,529200,27963,4,27967,0.05284013605442177,7.558578987150415e-06,0.052847694633408916,0.01543146173344412,0.08743541687726974
1,20260813,22.png,BOSR_FULL_B1,final,0.0016558731222062384,27.809729431771668,0.9717371463775635,3.5167761064874905,,,,,,,0.0,,
1,20260813,28.png,RGB_ADD_FULL_B0P1,pre-clipping,0.0006404715827910162,31.935001347886754,0.9627112150192261,2.6370607932060546,529200,21330,34,21364,0.04030612244897959,6.424792139077853e-05,0.04037037037037037,0.022303597099674968,0.09191597253084183
1,20260813,28.png,RGB_ADD_FULL_B0P1,post-clipping,0.0006025836185294853,32.19982678966931,0.9812213182449341,2.5359310870351455,529200,21330,34,21364,0.04030612244897959,6.424792139077853e-05,0.04037037037037037,0.022303597099674968,0.09191597253084183
1,20260813,28.png,BOSR_FULL_B1,final,0.0006221661128649963,32.06093647030792,0.9680325984954834,2.5778553758454095,,,,,,,0.0,,
1,20260813,34.png,RGB_ADD_FULL_B0P1,pre-clipping,0.0008517583579993942,30.696835961631287,0.9729077219963074,2.617990149955705,529200,31041,0,31041,0.058656462585034014,0.0,0.058656462585034014,0.012039943556774488,0.08698894828557968
1,20260813,34.png,RGB_ADD_FULL_B0P1,post-clipping,0.0008258393093266851,30.83104448880356,0.9828935861587524,2.532712702555082,529200,31041,0,31041,0.058656462585034014,0.0,0.058656462585034014,0.012039943556774488,0.08698894828557968
1,20260813,34.png,BOSR_FULL_B1,final,0.0008587303649157742,30.661431800706417,0.9689615368843079,2.6759712638444455,,,,,,,0.0,,
1,20260813,42.png,RGB_ADD_FULL_B0P1,pre-clipping,0.000766218253372669,31.15647506171004,0.9711735844612122,2.8915216239581496,529200,9893,0,9893,0.018694255479969765,0.0,0.018694255479969765,0.02245519245790509,0.08322252333164215
1,20260813,42.png,RGB_ADD_FULL_B0P1,post-clipping,0.0007480596914575539,31.260637462046365,0.9763458967208862,2.8411456330558753,529200,9893,0,9893,0.018694255479969765,0.0,0.018694255479969765,0.02245519245790509,0.08322252333164215
1,20260813,42.png,BOSR_FULL_B1,final,0.0007898577663906643,31.024511072324344,0.9669570922851562,2.982111832864193,,,,,,,0.0,,
1,20260813,43.png,RGB_ADD_FULL_B0P1,pre-clipping,0.00024270601104929454,36.14919467453763,0.9756002426147461,1.2978465980424911,529200,21321,6935,28256,0.040289115646258505,0.013104686318972034,0.05339380196523054,0.01855314891223627,0.08857688307762146
1,20260813,43.png,RGB_ADD_FULL_B0P1,post-clipping,0.00019877425913788645,37.01639856549271,0.9919439554214478,1.2067965438343562,529200,21321,6935,28256,0.040289115646258505,0.013104686318972034,0.05339380196523054,0.01855314891223627,0.08857688307762146
1,20260813,43.png,BOSR_FULL_B1,final,0.00020638293092312485,36.853262242562565,0.9796520471572876,1.2590967238441113,,,,,,,0.0,,
1,20260813,44.png,RGB_ADD_FULL_B0P1,pre-clipping,0.0002305171661623764,36.372967280096795,0.9762958288192749,1.9184985089979711,529200,11903,567,12470,0.022492441421012848,0.0010714285714285715,0.023563869992441422,0.027801354490200724,0.0851009264588356
1,20260813,44.png,RGB_ADD_FULL_B0P1,post-clipping,0.00019845612871092594,37.02335484692131,0.9864352345466614,1.846089791531247,529200,11903,567,12470,0.022492441421012848,0.0010714285714285715,0.023563869992441422,0.027801354490200724,0.0851009264588356
1,20260813,44.png,BOSR_FULL_B1,final,0.0002005980609664007,36.9767326929996,0.9764577150344849,1.958791483753584,,,,,,,0.0,,
1,20260813,64.png,RGB_ADD_FULL_B0P1,pre-clipping,0.00019948854359662135,37.00082040306228,0.979418933391571,1.380194547578939,529200,10140,0,10140,0.019160997732426303,0.0,0.019160997732426303,0.030951288423757675,0.08595184236764908
1,20260813,64.png,RGB_ADD_FULL_B0P1,post-clipping,0.00017295781852114795,37.6205980101682,0.9888651371002197,1.3056140688257785,529200,10140,0,10140,0.019160997732426303,0.0,0.019160997732426303,0.030951288423757675,0.08595184236764908
1,20260813,64.png,BOSR_FULL_B1,final,0.00018950647533789723,37.2237594582535,0.9779250025749207,1.3367903597858408,,,,,,,0.0,,
1,20260813,75.png,RGB_ADD_FULL_B0P1,pre-clipping,0.0006990734316078413,31.554772029852334,0.9768396615982056,2.5872319151679313,529200,10631,2,10633,0.02008881330309902,3.7792894935752077e-06,0.020092592592592592,0.02886774287348172,0.0888793021440506
1,20260813,75.png,RGB_ADD_FULL_B0P1,post-clipping,0.0006732909221664944,31.717972409896163,0.9844430088996887,2.5150986897635965,529200,10631,2,10633,0.02008881330309902,3.7792894935752077e-06,0.020092592592592592,0.02886774287348172,0.0888793021440506
1,20260813,75.png,BOSR_FULL_B1,final,0.0006851519693512819,31.642130896306803,0.9747791290283203,2.58021123508356,,,,,,,0.0,,
1,20260813,83.png,RGB_ADD_FULL_B0P1,pre-clipping,0.00033490090283941614,34.750836816699035,0.9743818044662476,2.366432262324908,529200,11011,1517,12528,0.02080687830687831,0.002866591080876795,0.0236734693877551,0.026121810430117,0.08410920947790146
1,20260813,83.png,RGB_ADD_FULL_B0P1,post-clipping,0.0003060174212215786,35.14253848926801,0.9836251735687256,2.2974187228318548,529200,11011,1517,12528,0.02080687830687831,0.002866591080876795,0.0236734693877551,0.026121810430117,0.08410920947790146
1,20260813,83.png,BOSR_FULL_B1,final,0.0002739287058478835,35.62362454280927,0.974761962890625,2.3200332772001127,,,,,,,0.0,,
1,20260813,87.png,RGB_ADD_FULL_B0P1,pre-clipping,0.0004367249713521142,33.59791974988727,0.9567961096763611,2.895929365963929,529200,11808,5357,17165,0.022312925170068026,0.010122826908541195,0.03243575207860922,0.019581425150904504,0.08586125075817108
1,20260813,87.png,RGB_ADD_FULL_B0P1,post-clipping,0.00041126348764558053,33.858798458468414,0.9672726392745972,2.822304224444727,529200,11808,5357,17165,0.022312925170068026,0.010122826908541195,0.03243575207860922,0.019581425150904504,0.08586125075817108
1,20260813,87.png,BOSR_FULL_B1,final,0.0003685139369478428,34.33546082770775,0.9607798457145691,2.6762359492224173,,,,,,,0.0,,
1,20260813,98.png,RGB_ADD_FULL_B0P1,pre-clipping,0.0009287962873794687,30.320795292447546,0.974281370639801,2.63808080691725,529200,10239,902,11141,0.019348072562358275,0.0017044595616024188,0.021052532123960695,0.03052054514060136,0.08505941182374954
1,20260813,98.png,RGB_ADD_FULL_B0P1,post-clipping,0.0008980847395623242,30.466826831678592,0.9843973517417908,2.564549057348019,529200,10239,902,11141,0.019348072562358275,0.0017044595616024188,0.021052532123960695,0.03052054514060136,0.08505941182374954
1,20260813,98.png,BOSR_FULL_B1,final,0.0010278879268880495,29.880542349394265,0.9720278978347778,2.865366133382102,,,,,,,0.0,,
1,20260813,110.png,RGB_ADD_FULL_B0P1,pre-clipping,0.0009624648645951636,30.16615115732146,0.9747880101203918,2.8937335266526607,529200,10344,0,10344,0.019546485260770977,0.0,0.019546485260770977,0.037470520382377866,0.09039785712957382
1,20260813,110.png,RGB_ADD_FULL_B0P1,post-clipping,0.0009252886169837053,30.337227805447085,0.9866890907287598,2.8067689722264935,529200,10344,0,10344,0.019546485260770977,0.0,0.019546485260770977,0.037470520382377866,0.09039785712957382
1,20260813,110.png,BOSR_FULL_B1,final,0.0008714454726686218,30.5975978200205,0.9760962128639221,2.8004500028464743,,,,,,,0.0,,
1,20260813,113.png,RGB_ADD_FULL_B0P1,pre-clipping,0.00025704470374378373,35.89991340089286,0.9366158843040466,1.7796631358653492,529200,25358,38062,63420,0.04791761148904006,0.07192365835222977,0.11984126984126985,0.018338955673390524,0.09022438526153564
1,20260813,113.png,RGB_ADD_FULL_B0P1,post-clipping,0.00016780580712272113,37.7519301396194,0.9855538010597229,1.606536170984334,529200,25358,38062,63420,0.04791761148904006,0.07192365835222977,0.11984126984126985,0.018338955673390524,0.09022438526153564
1,20260813,113.png,BOSR_FULL_B1,final,0.00016343768224799177,37.86647805174219,0.9748390316963196,1.5670759845053168,,,,,,,0.0,,
1,20260813,115.png,RGB_ADD_FULL_B0P1,pre-clipping,0.001975183453172128,27.04392561303209,0.9706547856330872,4.049997179368334,529200,11029,166,11195,0.020840891912320483,0.00031368102796674227,0.021154572940287227,0.03846756489571649,0.09183482080698013
1,20260813,115.png,RGB_ADD_FULL_B0P1,post-clipping,0.0019317158572708765,27.1405675509168,0.9858384132385254,3.96097907490054,529200,11029,166,11195,0.020840891912320483,0.00031368102796674227,0.021154572940287227,0.03846756489571649,0.09183482080698013
1,20260813,115.png,BOSR_FULL_B1,final,0.0019881636627561284,27.015478679737722,0.973667562007904,4.0639689144782585,,,,,,,0.0,,
1,20260813,121.png,RGB_ADD_FULL_B0P1,pre-clipping,0.0017018182531357486,27.690868225562948,0.9109103083610535,4.159453588693845,529200,67785,0,67785,0.12808956916099773,0.0,0.12808956916099773,0.015280413952080732,0.08679454773664474
1,20260813,121.png,RGB_ADD_FULL_B0P1,post-clipping,0.0016376786182451144,27.85771321145213,0.9594980478286743,4.1055174847982,529200,67785,0,67785,0.12808956916099773,0.0,0.12808956916099773,0.015280413952080732,0.08679454773664474
1,20260813,121.png,BOSR_FULL_B1,final,0.0016613039484864884,27.795509027236648,0.9519582390785217,4.19597094999632,,,,,,,0.0,,
1,20260813,125.png,RGB_ADD_FULL_B0P1,pre-clipping,0.0008955744328461292,30.478983132979405,0.9343659281730652,2.956919976418646,529200,30046,79,30125,0.05677626606198035,0.00014928193499622072,0.05692554799697657,0.03301785006217431,0.09047647565603256
1,20260813,125.png,RGB_ADD_FULL_B0P1,post-clipping,0.0008013003400894617,30.9620467293481,0.9793769717216492,2.7798491375555328,529200,30046,79,30125,0.05677626606198035,0.00014928193499622072,0.05692554799697657,0.03301785006217431,0.09047647565603256
1,20260813,125.png,BOSR_FULL_B1,final,0.000864704097436756,30.63132483096822,0.9542977809906006,2.9112369408194163,,,,,,,0.0,,
1,20260813,130.png,RGB_ADD_FULL_B0P1,pre-clipping,0.0006239930287361315,32.04820262237996,0.9696643352508545,2.374668192000869,529200,25467,0,25467,0.04812358276643991,0.0,0.04812358276643991,0.01887866089471176,0.09081609547138214
1,20260813,130.png,RGB_ADD_FULL_B0P1,post-clipping,0.0005848619986499683,32.32946595960627,0.9855412244796753,2.2892994569197693,529200,25467,0,25467,0.04812358276643991,0.0,0.04812358276643991,0.01887866089471176,0.09081609547138214
1,20260813,130.png,BOSR_FULL_B1,final,0.0005843323773367708,32.333400491524586,0.9740070104598999,2.3704159295777942,,,,,,,0.0,,
1,20260813,134.png,RGB_ADD_FULL_B0P1,pre-clipping,0.00082087033455645,30.8572543902431,0.9680808186531067,3.047345228735169,529200,10811,33,10844,0.020428949357520786,6.235827664399093e-05,0.020491307634164777,0.022070635014684335,0.0841810554265976
1,20260813,134.png,RGB_ADD_FULL_B0P1,post-clipping,0.0008014939785466059,30.960997360594376,0.9741188287734985,2.995674702177998,529200,10811,33,10844,0.020428949357520786,6.235827664399093e-05,0.020491307634164777,0.022070635014684335,0.0841810554265976
1,20260813,134.png,BOSR_FULL_B1,final,0.0008171304514926374,30.877086046170945,0.9645612239837646,3.096781109939007,,,,,,,0.0,,
1,20260813,135.png,RGB_ADD_FULL_B0P1,pre-clipping,0.0001695839642600023,37.70615216717574,0.9776564836502075,1.4605011698566857,529200,13254,717,13971,0.0250453514739229,0.001354875283446712,0.026400226757369614,0.022855884393292076,0.08365219086408615
1,20260813,135.png,RGB_ADD_FULL_B0P1,post-clipping,0.00014402173940103588,38.41571948256737,0.988814115524292,1.3878080191872184,529200,13254,717,13971,0.0250453514739229,0.001354875283446712,0.026400226757369614,0.022855884393292076,0.08365219086408615
1,20260813,135.png,BOSR_FULL_B1,final,0.0001437353788543964,38.42436321983078,0.9760713577270508,1.4427142749172204,,,,,,,0.0,,
1,20260813,138.png,RGB_ADD_FULL_B0P1,pre-clipping,0.0013823377236790498,28.59385840021265,0.9724240899085999,3.461069820370057,529200,19437,28,19465,0.03672902494331066,5.291005291005291e-05,0.03678193499622071,0.020507312700712578,0.09141029417514801
1,20260813,138.png,RGB_ADD_FULL_B0P1,post-clipping,0.001349667706197874,28.69773143451995,0.9852890968322754,3.375819739814042,529200,19437,28,19465,0.03672902494331066,5.291005291005291e-05,0.03678193499622071,0.020507312700712578,0.09141029417514801
1,20260813,138.png,BOSR_FULL_B1,final,0.001412643782107151,28.49967337775576,0.9730181694030762,3.4743704018270636,,,,,,,0.0,,
1,20260813,140.png,RGB_ADD_FULL_B0P1,pre-clipping,0.00027377104615352915,35.62612484473263,0.9591752886772156,1.6952721314018193,529200,32000,6,32006,0.06046863189720333,1.1337868480725624e-05,0.06047996976568405,0.01960668039545279,0.084452323615551
1,20260813,140.png,RGB_ADD_FULL_B0P1,post-clipping,0.00023217347196053523,36.341874040605,0.9827941656112671,1.5911758194900743,529200,32000,6,32006,0.06046863189720333,1.1337868480725624e-05,0.06047996976568405,0.01960668039545279,0.084452323615551
1,20260813,140.png,BOSR_FULL_B1,final,0.00022876619721950062,36.40608147036289,0.9723982810974121,1.6271971146557307,,,,,,,0.0,,
1,20260813,146.png,RGB_ADD_FULL_B0P1,pre-clipping,0.0008718544712114877,30.595560008751637,0.6339263319969177,2.9998526643900676,529200,143502,1171,144673,0.27116780045351474,0.002212773998488284,0.27338057445200303,0.03021527903681939,0.08247852325439453
1,20260813,146.png,RGB_ADD_FULL_B0P1,post-clipping,0.0005224681705175081,32.81940162230629,0.9174898862838745,2.550334936258998,529200,143502,1171,144673,0.27116780045351474,0.002212773998488284,0.27338057445200303,0.03021527903681939,0.08247852325439453
1,20260813,146.png,BOSR_FULL_B1,final,0.0005421815732274389,32.658552465888626,0.8767123222351074,2.763405865127447,,,,,,,0.0,,
1,20260813,165.png,RGB_ADD_FULL_B0P1,pre-clipping,0.0012270853781628892,29.111252188744324,0.974890410900116,3.0868645351196893,529200,10891,0,10891,0.020580120937263795,0.0,0.020580120937263795,0.0317093421553347,0.08248450607061386
1,20260813,165.png,RGB_ADD_FULL_B0P1,post-clipping,0.0011973298029832554,29.21786207248186,0.9873959422111511,3.006236036362039,529200,10891,0,10891,0.020580120937263795,0.0,0.020580120937263795,0.0317093421553347,0.08248450607061386
1,20260813,165.png,BOSR_FULL_B1,final,0.0012523034963979357,29.02290406878076,0.9751650094985962,3.0987345515564835,,,,,,,0.0,,
1,20260813,167.png,RGB_ADD_FULL_B0P1,pre-clipping,0.00019168383492374863,37.1741451048881,0.9764164686203003,1.3108130754156648,529200,11204,0,11204,0.021171579743008314,0.0,0.021171579743008314,0.03739228929020889,0.08516710251569748
1,20260813,167.png,RGB_ADD_FULL_B0P1,post-clipping,0.0001515934231282725,38.19319640135751,0.992462694644928,1.216562380200962,529200,11204,0,11204,0.021171579743008314,0.0,0.021171579743008314,0.03739228929020889,0.08516710251569748
1,20260813,167.png,BOSR_FULL_B1,final,0.00016368457337812665,37.85992249191932,0.9795137047767639,1.246686465377886,,,,,,,0.0,,
1,20260813,175.png,RGB_ADD_FULL_B0P1,pre-clipping,0.0022526985081143176,26.47296928570836,0.9657913446426392,4.130021863998017,529200,34409,0,34409,0.06502078609221466,0.0,0.06502078609221466,0.011300085533357736,0.0940321832895279
1,20260813,175.png,RGB_ADD_FULL_B0P1,post-clipping,0.0022246014664801467,26.527477808229026,0.9780157804489136,4.048477824768474,529200,34409,0,34409,0.06502078609221466,0.0,0.06502078609221466,0.011300085533357736,0.0940321832895279
1,20260813,175.png,BOSR_FULL_B1,final,0.002332646549979144,26.321510619017502,0.9623222351074219,4.243401716550878,,,,,,,0.0,,
1,20260813,187.png,RGB_ADD_FULL_B0P1,pre-clipping,0.0007382719798940003,31.317836143194334,0.9738129377365112,2.7458103972552528,529200,10978,395,11373,0.020744520030234317,0.0007464096749811035,0.02149092970521542,0.03509885152033765,0.08848290890455246
1,20260813,187.png,RGB_ADD_FULL_B0P1,post-clipping,0.0006970750905949644,31.56720436142332,0.9882315397262573,2.6686559732758264,529200,10978,395,11373,0.020744520030234317,0.0007464096749811035,0.02149092970521542,0.03509885152033765,0.08848290890455246
1,20260813,187.png,BOSR_FULL_B1,final,0.0007749013877538817,31.107535613378715,0.9747872948646545,2.769071750113238,,,,,,,0.0,,
1,20260813,189.png,RGB_ADD_FULL_B0P1,pre-clipping,0.0001522573893038559,38.17421621151467,0.9761322736740112,1.1493980911142727,529200,25999,59,26058,0.04912887377173091,0.00011148904006046863,0.04924036281179138,0.017362888410059722,0.08536534756422043
1,20260813,189.png,RGB_ADD_FULL_B0P1,post-clipping,0.0001190359705842011,39.243217825934316,0.9902808666229248,1.0519553745772452,529200,25999,59,26058,0.04912887377173091,0.00011148904006046863,0.04924036281179138,0.017362888410059722,0.08536534756422043
1,20260813,189.png,BOSR_FULL_B1,final,0.00014882688632551175,38.273186042200585,0.9776116013526917,1.1465013628771301,,,,,,,0.0,,
1,20260813,197.png,RGB_ADD_FULL_B0P1,pre-clipping,0.0005787741844746859,32.374908483032186,0.9768760800361633,2.24064706362766,529200,12405,0,12405,0.023441043083900225,0.0,0.023441043083900225,0.025408858677909336,0.08279985934495926
1,20260813,197.png,RGB_ADD_FULL_B0P1,post-clipping,0.0005531775243482178,32.57135473627513,0.9868772029876709,2.170273035985998,529200,12405,0,12405,0.023441043083900225,0.0,0.023441043083900225,0.025408858677909336,0.08279985934495926
1,20260813,197.png,BOSR_FULL_B1,final,0.0005699030023893416,32.44199055049877,0.9753754734992981,2.240354011823834,,,,,,,0.0,,
1,20260813,199.png,RGB_ADD_FULL_B0P1,pre-clipping,0.0010712232307824796,29.701200176883134,0.97307950258255,3.1093565131977217,529200,10735,55,10790,0.020285336356764928,0.00010393046107331821,0.020389266817838245,0.038296867698210765,0.09062440693378448
1,20260813,199.png,RGB_ADD_FULL_B0P1,post-clipping,0.0010298189074886492,29.87239138783201,0.98796546459198,3.0216168771241634,529200,10735,55,10790,0.020285336356764928,0.00010393046107331821,0.020389266817838245,0.038296867698210765,0.09062440693378448
1,20260813,199.png,BOSR_FULL_B1,final,0.0010611739951307002,29.742134012732176,0.976006805896759,3.104864413776968,,,,,,,0.0,,
1,20260813,201.png,RGB_ADD_FULL_B0P1,pre-clipping,0.0023008643291751165,26.381089888184114,0.9701861143112183,4.447740380886099,529200,10428,0,10428,0.019705215419501133,0.0,0.019705215419501133,0.03820898664406328,0.09180765599012375
1,20260813,201.png,RGB_ADD_FULL_B0P1,post-clipping,0.0022631067011251783,26.452949694136116,0.9837061762809753,4.353899174453654,529200,10428,0,10428,0.019705215419501133,0.0,0.019705215419501133,0.03820898664406328,0.09180765599012375
1,20260813,201.png,BOSR_FULL_B1,final,0.002395920753870683,26.205275505255614,0.9710326194763184,4.496254684306659,,,,,,,0.0,,
1,20260813,218.png,RGB_ADD_FULL_B0P1,pre-clipping,0.001285532466607974,28.909169506114463,0.9614459276199341,3.265379966869187,529200,19101,0,19101,0.036094104308390024,0.0,0.036094104308390024,0.02284509000881284,0.08557792752981186
1,20260813,218.png,RGB_ADD_FULL_B0P1,post-clipping,0.001253247449244969,29.019631706406713,0.976564884185791,3.18692901394871,529200,19101,0,19101,0.036094104308390024,0.0,0.036094104308390024,0.02284509000881284,0.08557792752981186
1,20260813,218.png,BOSR_FULL_B1,final,0.0012251044934843507,29.118268672110872,0.9666971564292908,3.2374770850761005,,,,,,,0.0,,
1,20260813,227.png,RGB_ADD_FULL_B0P1,pre-clipping,0.002576598707743185,25.889532153581367,0.9703575968742371,4.756345594451771,529200,10381,3,10384,0.019616402116402115,5.668934240362812e-06,0.019622071050642478,0.033271194903258965,0.08685123175382614
1,20260813,227.png,RGB_ADD_FULL_B0P1,post-clipping,0.0025474022030589315,25.939024799366976,0.9814218282699585,4.6775676294498165,529200,10381,3,10384,0.019616402116402115,5.668934240362812e-06,0.019622071050642478,0.033271194903258965,0.08685123175382614
1,20260813,227.png,BOSR_FULL_B1,final,0.0026857657829054494,25.709318634569183,0.9698260426521301,4.821186368775052,,,,,,,0.0,,
1,20260813,238.png,RGB_ADD_FULL_B0P1,pre-clipping,0.0005845361178526903,32.33188649088098,0.9764337539672852,2.327882809813575,529200,11565,0,11565,0.02185374149659864,0.0,0.02185374149659864,0.028504729469309813,0.0850813165307045
1,20260813,238.png,RGB_ADD_FULL_B0P1,post-clipping,0.0005570696129802712,32.54090530779322,0.985317051410675,2.2547174132298187,529200,11565,0,11565,0.02185374149659864,0.0,0.02185374149659864,0.028504729469309813,0.0850813165307045
1,20260813,238.png,BOSR_FULL_B1,final,0.0006403232221204984,31.936007476590255,0.9751695394515991,2.4313048449665855,,,,,,,0.0,,
1,20260813,245.png,RGB_ADD_FULL_B0P1,pre-clipping,0.000946208878695125,30.240129810917146,0.8978909850120544,2.9670976352480887,529200,59814,0,59814,0.11302721088435375,0.0,0.11302721088435375,0.025071102857506643,0.08852722495794296
1,20260813,245.png,RGB_ADD_FULL_B0P1,post-clipping,0.0008251996025873936,30.834409898532044,0.9698951840400696,2.681127282836229,529200,59814,0,59814,0.11302721088435375,0.0,0.11302721088435375,0.025071102857506643,0.08852722495794296
1,20260813,245.png,BOSR_FULL_B1,final,0.0009299193514197,30.315547146204306,0.9291567206382751,2.918361007691909,,,,,,,0.0,,
1,20260813,251.png,RGB_ADD_FULL_B0P1,pre-clipping,0.0003114669576963168,35.06588019153461,0.9757063984870911,1.8620793280878392,529200,15379,0,15379,0.02906084656084656,0.0,0.02906084656084656,0.020336828959738946,0.08881323784589767
1,20260813,251.png,RGB_ADD_FULL_B0P1,post-clipping,0.0002874739957595338,35.414014344836275,0.9836955070495605,1.7940415205041729,529200,15379,0,15379,0.02906084656084656,0.0,0.02906084656084656,0.020336828959738946,0.08881323784589767
1,20260813,251.png,BOSR_FULL_B1,final,0.00029575469054440314,35.290683589184674,0.973931610584259,1.8539291127884288,,,,,,,0.0,,
1,20260813,259.png,RGB_ADD_FULL_B0P1,pre-clipping,0.0003178130953423629,34.97828211855652,0.9780856966972351,1.620021998432986,529200,40904,9,40913,0.07729402872260015,1.7006802721088435e-05,0.07731103552532125,0.00981482038146725,0.08421752601861954
1,20260813,259.png,RGB_ADD_FULL_B0P1,post-clipping,0.0002902361190114477,35.372485418939156,0.9883710741996765,1.5457554104489535,529200,40904,9,40913,0.07729402872260015,1.7006802721088435e-05,0.07731103552532125,0.00981482038146725,0.08421752601861954
1,20260813,259.png,BOSR_FULL_B1,final,0.000294974047926746,35.3021619194727,0.9765854477882385,1.6352143117395432,,,,,,,0.0,,
1,20260813,281.png,RGB_ADD_FULL_B0P1,pre-clipping,0.00040041455684778005,33.974901423721704,0.9768505096435547,1.8797372832751067,529200,24822,73,24895,0.04690476190476191,0.00013794406651549508,0.0470427059712774,0.016086406414599776,0.08254287391901016
1,20260813,281.png,RGB_ADD_FULL_B0P1,post-clipping,0.0003693673475225236,34.32541499306088,0.989626407623291,1.8086317270512549,529200,24822,73,24895,0.04690476190476191,0.00013794406651549508,0.0470427059712774,0.016086406414599776,0.08254287391901016
1,20260813,281.png,BOSR_FULL_B1,final,0.0003734516130618391,34.27765660358759,0.9778265953063965,1.8350605441227197,,,,,,,0.0,,
1,20260813,282.png,RGB_ADD_FULL_B0P1,pre-clipping,0.00021702163739470976,36.634969641576376,0.9257605075836182,1.5859494096946742,529200,34847,0,34847,0.06584845049130764,0.0,0.06584845049130764,0.027846865210518643,0.08796904236078262
1,20260813,282.png,RGB_ADD_FULL_B0P1,post-clipping,0.0001435752243446913,38.42920496435719,0.9773995876312256,1.4387703729403016,529200,34847,0,34847,0.06584845049130764,0.0,0.06584845049130764,0.027846865210518643,0.08796904236078262
1,20260813,282.png,BOSR_FULL_B1,final,0.00017901711403422963,37.47105448487466,0.961946964263916,1.5496069502913319,,,,,,,0.0,,
1,20260813,285.png,RGB_ADD_FULL_B0P1,pre-clipping,0.0004372361796621386,33.592839089878304,0.9705429077148438,2.5070237446428454,529200,11141,45360,56501,0.021052532123960695,0.08571428571428572,0.1067668178382464,0.01646238775391415,0.09233223646879196
1,20260813,285.png,RGB_ADD_FULL_B0P1,post-clipping,0.00036284179146207126,34.40282697477165,0.9896889328956604,2.34961792511783,529200,11141,45360,56501,0.021052532123960695,0.08571428571428572,0.1067668178382464,0.01646238775391415,0.09233223646879196
1,20260813,285.png,BOSR_FULL_B1,final,0.00037071034585595407,34.30965293426997,0.9770583510398865,2.385744369322226,,,,,,,0.0,,
1,20260813,289.png,RGB_ADD_FULL_B0P1,pre-clipping,0.0002019038611457782,36.948553756662115,0.9772894382476807,1.4016949971086545,529200,10290,0,10290,0.019444444444444445,0.0,0.019444444444444445,0.03777626844133216,0.08811222016811371
1,20260813,289.png,RGB_ADD_FULL_B0P1,post-clipping,0.00016492212182551297,37.827210863665314,0.9899289011955261,1.313787195603062,529200,10290,0,10290,0.019444444444444445,0.0,0.019444444444444445,0.03777626844133216,0.08811222016811371
1,20260813,289.png,BOSR_FULL_B1,final,0.0002055664311592535,36.87047803843035,0.9781817197799683,1.4155800785492623,,,,,,,0.0,,
1,20260813,293.png,RGB_ADD_FULL_B0P1,pre-clipping,0.0011243705329268593,29.490905447392286,0.9718573093414307,2.9410067080829996,529200,16303,11475,27778,0.030806878306878307,0.021683673469387755,0.05249055177626606,0.019818048122495345,0.09088122844696045
1,20260813,293.png,RGB_ADD_FULL_B0P1,post-clipping,0.0010760546209534637,29.681656831523277,0.989626407623291,2.8491745907116197,529200,16303,11475,27778,0.030806878306878307,0.021683673469387755,0.05249055177626606,0.019818048122495345,0.09088122844696045
1,20260813,293.png,BOSR_FULL_B1,final,0.0010589609320245713,29.751200619124617,0.9765243530273438,2.880286998057065,,,,,,,0.0,,
1,20260813,302.png,RGB_ADD_FULL_B0P1,pre-clipping,0.001995019028937022,27.000529575597234,0.9707277417182922,4.3177858184104325,529200,9747,0,9747,0.018418367346938774,0.0,0.018418367346938774,0.03270932454802131,0.09179616719484329
1,20260813,302.png,RGB_ADD_FULL_B0P1,post-clipping,0.0019671520065275387,27.061620798135223,0.9775869846343994,4.240609668565862,529200,9747,0,9747,0.018418367346938774,0.0,0.018418367346938774,0.03270932454802131,0.09179616719484329
1,20260813,302.png,BOSR_FULL_B1,final,0.0021068522366388784,26.763659224188,0.9680914878845215,4.365937985308064,,,,,,,0.0,,
1,20260813,304.png,RGB_ADD_FULL_B0P1,pre-clipping,0.0007861002890207382,31.045220440498305,0.9768036603927612,2.7024266663176832,529200,12216,5,12221,0.02308390022675737,9.44822373393802e-06,0.023093348450491307,0.025086467249125836,0.08394338935613632
1,20260813,304.png,RGB_ADD_FULL_B0P1,post-clipping,0.0007621220666471525,31.17975463534933,0.9842256307601929,2.6332150066257194,529200,12216,5,12221,0.02308390022675737,9.44822373393802e-06,0.023093348450491307,0.025086467249125836,0.08394338935613632
1,20260813,304.png,BOSR_FULL_B1,final,0.0008638720511843274,30.635505764788398,0.9743227362632751,2.82030564106841,,,,,,,0.0,,
1,20260813,308.png,RGB_ADD_FULL_B0P1,pre-clipping,0.00023722555712301057,36.248385247530045,0.9685585498809814,1.51875277140265,529200,39755,9,39764,0.07512282690854119,1.7006802721088435e-05,0.07513983371126229,0.014267441746781878,0.08201956003904343
1,20260813,308.png,RGB_ADD_FULL_B0P1,post-clipping,0.0002019172737472677,36.948265261667,0.9843592643737793,1.3996856845665209,529200,39755,9,39764,0.07512282690854119,1.7006802721088435e-05,0.07513983371126229,0.014267441746781878,0.08201956003904343
1,20260813,308.png,BOSR_FULL_B1,final,0.00019752700872324765,37.04373513012184,0.9731756448745728,1.3526747211843706,,,,,,,0.0,,
1,20260813,310.png,RGB_ADD_FULL_B0P1,pre-clipping,0.0012011219362217079,29.204129013896672,0.9674190282821655,3.1223481372210116,529200,57246,0,57246,0.10817460317460317,0.0,0.10817460317460317,0.009839391042994118,0.08306439220905304
1,20260813,310.png,RGB_ADD_FULL_B0P1,post-clipping,0.0011703940505618778,29.316678945166434,0.9804478287696838,3.061113222600714,529200,57246,0,57246,0.10817460317460317,0.0,0.10817460317460317,0.009839391042994118,0.08306439220905304
1,20260813,310.png,BOSR_FULL_B1,final,0.001163948082407491,29.340663908431715,0.9687502384185791,3.1522679716236786,,,,,,,0.0,,
1,20260813,323.png,RGB_ADD_FULL_B0P1,pre-clipping,0.001332115346076137,28.754581685624746,0.9739091992378235,3.3000801885669695,529200,14153,96,14249,0.026744142101284958,0.00018140589569160998,0.02692554799697657,0.02679347891423374,0.08983954787254333
1,20260813,323.png,RGB_ADD_FULL_B0P1,post-clipping,0.0012980670661114967,28.8670286863757,0.9857915639877319,3.2199100587782805,529200,14153,96,14249,0.026744142101284958,0.00018140589569160998,0.02692554799697657,0.02679347891423374,0.08983954787254333
1,20260813,323.png,BOSR_FULL_B1,final,0.0013772726752396835,28.60980068727446,0.974541425704956,3.3344643476287024,,,,,,,0.0,,
1,20260813,326.png,RGB_ADD_FULL_B0P1,pre-clipping,0.00023755580801030328,36.24234347033914,0.9768422842025757,1.450258864275975,529200,10318,0,10318,0.019497354497354496,0.0,0.019497354497354496,0.0377707565136071,0.08787211775779724
1,20260813,326.png,RGB_ADD_FULL_B0P1,post-clipping,0.00020084898441801274,36.97130359913231,0.9891951680183411,1.3610903905708682,529200,10318,0,10318,0.019497354497354496,0.0,0.019497354497354496,0.0377707565136071,0.08787211775779724
1,20260813,326.png,BOSR_FULL_B1,final,0.00019812883455355194,37.03052315091383,0.9782240390777588,1.3855243638209775,,,,,,,0.0,,
1,20260813,331.png,RGB_ADD_FULL_B0P1,pre-clipping,0.0010138148784981037,29.940413394667196,0.9730509519577026,2.971171750242565,529200,9840,1,9841,0.018594104308390022,1.8896447467876038e-06,0.01859599395313681,0.03485817605905791,0.08803736418485641
1,20260813,331.png,RGB_ADD_FULL_B0P1,post-clipping,0.0009828232018806538,30.07524599516135,0.9831956624984741,2.8929714261405293,529200,9840,1,9841,0.018594104308390022,1.8896447467876038e-06,0.01859599395313681,0.03485817605905791,0.08803736418485641
1,20260813,331.png,BOSR_FULL_B1,final,0.001020648362888946,29.91123856699295,0.9724844098091125,2.9971754606553365,,,,,,,0.0,,
1,20260813,336.png,RGB_ADD_FULL_B0P1,pre-clipping,0.0013403130339916843,28.727937590543217,0.9747141599655151,3.148267712793492,529200,11649,34,11683,0.022012471655328797,6.424792139077853e-05,0.022076719576719576,0.03551572480135398,0.09295416623353958
1,20260813,336.png,RGB_ADD_FULL_B0P1,post-clipping,0.0012997430474556378,28.861424970024633,0.9884408712387085,3.056037106700597,529200,11649,34,11683,0.022012471655328797,6.424792139077853e-05,0.022076719576719576,0.03551572480135398,0.09295416623353958
1,20260813,336.png,BOSR_FULL_B1,final,0.0014050561850267244,28.523063089552014,0.9759780168533325,3.2161521673245614,,,,,,,0.0,,
1,20260813,342.png,RGB_ADD_FULL_B0P1,pre-clipping,0.0003903360169800558,34.08561373766113,0.9766265153884888,1.9540961928655853,529200,9949,2,9951,0.01880007558578987,3.7792894935752077e-06,0.018803854875283448,0.03499284429847332,0.08551176637411118
1,20260813,342.png,RGB_ADD_FULL_B0P1,post-clipping,0.00035939080363558593,34.444330401413964,0.9874823689460754,1.8698923252892532,529200,9949,2,9951,0.01880007558578987,3.7792894935752077e-06,0.018803854875283448,0.03499284429847332,0.08551176637411118
1,20260813,342.png,BOSR_FULL_B1,final,0.0003859313853592923,34.134899015682834,0.9762707352638245,1.9643938364923919,,,,,,,0.0,,
1,20260813,345.png,RGB_ADD_FULL_B0P1,pre-clipping,0.002176410543565004,26.62259178832569,0.9598284363746643,4.064804047130232,529200,56985,0,56985,0.10768140589569161,0.0,0.10768140589569161,0.010201184148681309,0.08711403608322144
1,20260813,345.png,RGB_ADD_FULL_B0P1,post-clipping,0.0021444234063560026,26.6868946110175,0.9754143953323364,3.997095429487735,529200,56985,0,56985,0.10768140589569161,0.0,0.10768140589569161,0.010201184148681309,0.08711403608322144
1,20260813,345.png,BOSR_FULL_B1,final,0.0021535887975753475,26.668372165403778,0.962846040725708,4.115001100986453,,,,,,,0.0,,
1,20260813,347.png,RGB_ADD_FULL_B0P1,pre-clipping,0.0020788933516187637,26.821677896447177,0.9688153266906738,4.318556422238999,529200,10165,0,10165,0.019208238851095995,0.0,0.019208238851095995,0.027797185335512613,0.08339682966470718
1,20260813,347.png,RGB_ADD_FULL_B0P1,post-clipping,0.002055905898201801,26.869967675108924,0.9742056131362915,4.245476178321665,529200,10165,0,10165,0.019208238851095995,0.0,0.019208238851095995,0.027797185335512613,0.08339682966470718
1,20260813,347.png,BOSR_FULL_B1,final,0.002150405571849628,26.674796233377585,0.965140700340271,4.328020302216859,,,,,,,0.0,,
1,20260813,348.png,RGB_ADD_FULL_B0P1,pre-clipping,0.00025073803169632034,36.007797876885796,0.9758139848709106,1.658324068850759,529200,10941,0,10941,0.020674603174603175,0.0,0.020674603174603175,0.02814110934117219,0.09125691652297974
1,20260813,348.png,RGB_ADD_FULL_B0P1,post-clipping,0.000225497296559412,36.46858660421796,0.9823693633079529,1.5887097579785858,529200,10941,0,10941,0.020674603174603175,0.0,0.020674603174603175,0.02814110934117219,0.09125691652297974
1,20260813,348.png,BOSR_FULL_B1,final,0.00024137409682155117,36.17309338261333,0.9745954871177673,1.5840935369476326,,,,,,,0.0,,
1,20260813,353.png,RGB_ADD_FULL_B0P1,pre-clipping,0.0001558832436175799,38.072005659884034,0.9764086008071899,1.1512475830133952,529200,10582,0,10582,0.019996220710506423,0.0,0.019996220710506423,0.04078090787301176,0.0895291417837143
1,20260813,353.png,RGB_ADD_FULL_B0P1,post-clipping,0.00011193177551326286,39.51046607206212,0.9907003045082092,1.0565258585141613,529200,10582,0,10582,0.019996220710506423,0.0,0.019996220710506423,0.04078090787301176,0.0895291417837143
1,20260813,353.png,BOSR_FULL_B1,final,0.00012310339087065315,39.097299843056334,0.9786468744277954,1.0923087124523942,,,,,,,0.0,,
1,20260813,359.png,RGB_ADD_FULL_B0P1,pre-clipping,0.0004504864346179585,33.46318282285955,0.7532873749732971,1.945682749536419,529200,128680,0,128680,0.24315948601662887,0.0,0.24315948601662887,0.02495537141510714,0.08962884545326233
1,20260813,359.png,RGB_ADD_FULL_B0P1,post-clipping,0.00021658941468119416,36.64362772354661,0.9571056365966797,1.6611557795045464,529200,128680,0,128680,0.24315948601662887,0.0,0.24315948601662887,0.02495537141510714,0.08962884545326233
1,20260813,359.png,BOSR_FULL_B1,final,0.0002505597966194304,36.01088612140889,0.9330145120620728,1.8251037706229445,,,,,,,0.0,,
1,20260813,363.png,RGB_ADD_FULL_B0P1,pre-clipping,0.0010560239894408174,29.76326215927743,0.973785936832428,3.138625557218871,529200,23388,0,23388,0.04419501133786848,0.0,0.04419501133786848,0.017039027315344315,0.08830440044403076
1,20260813,363.png,RGB_ADD_FULL_B0P1,post-clipping,0.0010265033873912033,29.886396131488397,0.9836286902427673,3.0583698706855,529200,23388,0,23388,0.04419501133786848,0.0,0.04419501133786848,0.017039027315344315,0.08830440044403076
1,20260813,363.png,BOSR_FULL_B1,final,0.000996195020222366,30.016556335485795,0.972906768321991,3.095800395154293,,,,,,,0.0,,
1,20260813,364.png,RGB_ADD_FULL_B0P1,pre-clipping,0.00020521074367596737,36.87799905757856,0.9782304763793945,1.3401527135618865,529200,12804,0,12804,0.024195011337868482,0.0,0.024195011337868482,0.027590073313358308,0.08498816937208176
1,20260813,364.png,RGB_ADD_FULL_B0P1,post-clipping,0.00017462663483746582,37.57889515036291,0.9873211979866028,1.2644092484967944,529200,12804,0,12804,0.024195011337868482,0.0,0.024195011337868482,0.027590073313358308,0.08498816937208176
1,20260813,364.png,BOSR_FULL_B1,final,0.0002186627932168016,36.60225108481816,0.9778100252151489,1.4054630816626514,,,,,,,0.0,,
1,20260813,367.png,RGB_ADD_FULL_B0P1,pre-clipping,0.00011229898926520879,39.49624152541016,0.9792686104774475,1.0047419000957682,529200,11485,0,11485,0.02170256991685563,0.0,0.02170256991685563,0.027855760694784407,0.09086397290229797
1,20260813,367.png,RGB_ADD_FULL_B0P1,post-clipping,8.55306248390502e-05,40.67878355245981,0.9870254993438721,0.9281275935833727,529200,11485,0,11485,0.02170256991685563,0.0,0.02170256991685563,0.027855760694784407,0.09086397290229797
1,20260813,367.png,BOSR_FULL_B1,final,0.00010478770577069819,39.79689668012127,0.9774596095085144,0.9936192677127654,,,,,,,0.0,,
1,20260813,369.png,RGB_ADD_FULL_B0P1,pre-clipping,0.0005111127787642589,32.914832607441845,0.976840615272522,2.2820491055660805,529200,10248,0,10248,0.019365079365079366,0.0,0.019365079365079366,0.031509944511735645,0.08944516628980637
1,20260813,369.png,RGB_ADD_FULL_B0P1,post-clipping,0.0004839671171967218,33.15184145184415,0.9849298596382141,2.20158192882304,529200,10248,0,10248,0.019365079365079366,0.0,0.019365079365079366,0.031509944511735645,0.08944516628980637
1,20260813,369.png,BOSR_FULL_B1,final,0.00049445214432318,33.0587573533496,0.9752145409584045,2.2937581201850423,,,,,,,0.0,,
1,20260813,370.png,RGB_ADD_FULL_B0P1,pre-clipping,0.0009368933219986111,30.28309856609419,0.9747539162635803,2.8268694708273476,529200,10782,2,10784,0.020374149659863946,3.7792894935752077e-06,0.02037792894935752,0.024384536441101223,0.08086225390434265
1,20260813,370.png,RGB_ADD_FULL_B0P1,post-clipping,0.0009174055419143251,30.37438640685897,0.9804807901382446,2.764829872754186,529200,10782,2,10784,0.020374149659863946,3.7792894935752077e-06,0.02037792894935752,0.024384536441101223,0.08086225390434265
1,20260813,370.png,BOSR_FULL_B1,final,0.0008993408193055665,30.460756943694314,0.9716711640357971,2.7868684196274276,,,,,,,0.0,,
1,20260813,373.png,RGB_ADD_FULL_B0P1,pre-clipping,0.0026405721616558787,25.783019595972902,0.971387505531311,4.610017875912147,529200,10682,0,10682,0.020185185185185184,0.0,0.020185185185185184,0.034768904830930474,0.09096341580152512
1,20260813,373.png,RGB_ADD_FULL_B0P1,post-clipping,0.0026059159653923306,25.840395933643563,0.9826754927635193,4.5246856374646836,529200,10682,0,10682,0.020185185185185184,0.0,0.020185185185185184,0.034768904830930474,0.09096341580152512
1,20260813,373.png,BOSR_FULL_B1,final,0.0027657748817598578,25.58183171872487,0.9713006615638733,4.691698086291384,,,,,,,0.0,,
1,20260813,377.png,RGB_ADD_FULL_B0P1,pre-clipping,0.0004942380583287403,33.06063815215274,0.9765578508377075,2.155501152304769,529200,9721,0,9721,0.018369236583522297,0.0,0.018369236583522297,0.031777811576192305,0.08186141401529312
1,20260813,377.png,RGB_ADD_FULL_B0P1,post-clipping,0.00046870716154536846,33.290984106874404,0.9844844341278076,2.0785533407604104,529200,9721,0,9721,0.018369236583522297,0.0,0.018369236583522297,0.031777811576192305,0.08186141401529312
1,20260813,377.png,BOSR_FULL_B1,final,0.00046280664626362314,33.34600412868752,0.9752267599105835,2.110712162915547,,,,,,,0.0,,
1,20260813,384.png,RGB_ADD_FULL_B0P1,pre-clipping,0.00045507499402201187,33.419170279447656,0.9754949808120728,2.0764247869767756,529200,9684,0,9684,0.018299319727891155,0.0,0.018299319727891155,0.03316746230346534,0.09137292206287384
1,20260813,384.png,RGB_ADD_FULL_B0P1,post-clipping,0.00042708611257453105,33.69484550161342,0.9828648567199707,2.0016006129753317,529200,9684,0,9684,0.018299319727891155,0.0,0.018299319727891155,0.03316746230346534,0.09137292206287384
1,20260813,384.png,BOSR_FULL_B1,final,0.0004377835268096883,33.58740584362997,0.9748101234436035,2.011549087670089,,,,,,,0.0,,
1,20260813,385.png,RGB_ADD_FULL_B0P1,pre-clipping,0.0009890078874919472,30.048002448228722,0.9747201800346375,3.1623976196585075,529200,9881,0,9881,0.018671579743008315,0.0,0.018671579743008315,0.03335267587036288,0.08179738372564316
1,20260813,385.png,RGB_ADD_FULL_B0P1,post-clipping,0.0009591931887223323,30.180939138445794,0.9848471879959106,3.0889476555307627,529200,9881,0,9881,0.018671579743008315,0.0,0.018671579743008315,0.03335267587036288,0.08179738372564316
1,20260813,385.png,BOSR_FULL_B1,final,0.0010100407026303103,29.95661124661352,0.9741403460502625,3.1566258408393546,,,,,,,0.0,,
1,20260813,389.png,RGB_ADD_FULL_B0P1,pre-clipping,0.0013025094454138905,28.852191186416754,0.9714524149894714,3.5227014648672226,529200,18636,0,18636,0.035215419501133785,0.0,0.035215419501133785,0.016307032407028306,0.08688759803771973
1,20260813,389.png,RGB_ADD_FULL_B0P1,post-clipping,0.0012806807189108791,28.925591288801108,0.9806844592094421,3.458088358603482,529200,18636,0,18636,0.035215419501133785,0.0,0.035215419501133785,0.016307032407028306,0.08688759803771973
1,20260813,389.png,BOSR_FULL_B1,final,0.0013340093415882277,28.748411292005684,0.9685899019241333,3.5485030867775906,,,,,,,0.0,,
1,20260813,391.png,RGB_ADD_FULL_B0P1,pre-clipping,0.0022023749209779267,26.571087470119792,0.9453119039535522,4.163230448483801,529200,20812,0,20812,0.039327286470143615,0.0,0.039327286470143615,0.03190330025228422,0.08370344340801239
1,20260813,391.png,RGB_ADD_FULL_B0P1,post-clipping,0.0021432691070744437,26.689232958830395,0.9735013842582703,4.055082512036357,529200,20812,0,20812,0.039327286470143615,0.0,0.039327286470143615,0.03190330025228422,0.08370344340801239
1,20260813,391.png,BOSR_FULL_B1,final,0.0021004414342766947,26.776894232071843,0.9601420164108276,4.119212597623708,,,,,,,0.0,,
1,20260813,393.png,RGB_ADD_FULL_B0P1,pre-clipping,0.000795991615612431,30.990915067754372,0.908695638179779,2.8201760982068493,529200,36590,0,36590,0.06914210128495843,0.0,0.06914210128495843,0.02985047944630918,0.08253343403339386
1,20260813,393.png,RGB_ADD_FULL_B0P1,post-clipping,0.0007081651285369697,31.498654625776762,0.9642801880836487,2.69436240484996,529200,36590,0,36590,0.06914210128495843,0.0,0.06914210128495843,0.02985047944630918,0.08253343403339386
1,20260813,393.png,BOSR_FULL_B1,final,0.0007782145164015955,31.089006723573725,0.949057936668396,2.8351529719242325,,,,,,,0.0,,
1,20260813,399.png,RGB_ADD_FULL_B0P1,pre-clipping,0.0002385423408952806,36.224345231851885,0.9770053029060364,1.9899695008646767,529200,10259,0,10259,0.019385865457294028,0.0,0.019385865457294028,0.035117042088199,0.0947594866156578
1,20260813,399.png,RGB_ADD_FULL_B0P1,post-clipping,0.00020540873667188115,36.87381088452005,0.9887757301330566,1.9089677961041873,529200,10259,0,10259,0.019385865457294028,0.0,0.019385865457294028,0.035117042088199,0.0947594866156578
1,20260813,399.png,BOSR_FULL_B1,final,0.00021663858693366493,36.64264185753966,0.977237343788147,1.9717537759559334,,,,,,,0.0,,
2,20260813,5.png,RGB_ADD_FULL_B0P1,pre-clipping,0.001077332351878976,29.676502982610554,0.9689431190490723,3.258344181108946,529200,50559,0,50559,0.09553854875283446,0.0,0.09553854875283446,0.0069148132001390404,0.04474497213959694
2,20260813,5.png,RGB_ADD_FULL_B0P1,post-clipping,0.0010666552951260017,29.719759063594626,0.9733012318611145,3.226285219292875,529200,50559,0,50559,0.09553854875283446,0.0,0.09553854875283446,0.0069148132001390404,0.04474497213959694
2,20260813,5.png,BOSR_FULL_B1,final,0.00108377858389269,29.65059435155261,0.9652451872825623,3.3761403632556837,,,,,,,0.0,,
2,20260813,6.png,RGB_ADD_FULL_B0P1,pre-clipping,0.0001391222554441322,38.56603390184464,0.9819298982620239,1.2106499122355026,529200,12303,5288,17591,0.02324829931972789,0.009992441421012849,0.03324074074074074,0.012902464643083474,0.05936349555850029
2,20260813,6.png,RGB_ADD_FULL_B0P1,post-clipping,0.00012781166722795317,38.9342950000045,0.98631751537323,1.1643732817118664,529200,12303,5288,17591,0.02324829931972789,0.009992441421012849,0.03324074074074074,0.012902464643083474,0.05936349555850029
2,20260813,6.png,BOSR_FULL_B1,final,0.00013564155677160857,38.67607234424478,0.980539858341217,1.0933270474972256,,,,,,,0.0,,
2,20260813,10.png,RGB_ADD_FULL_B0P1,pre-clipping,0.000542540603438035,32.65567753904844,0.9761468172073364,2.2040889407690174,529200,10289,795,11084,0.019442554799697656,0.0015022675736961451,0.0209448223733938,0.026274252399943084,0.07023157179355621
2,20260813,10.png,RGB_ADD_FULL_B0P1,post-clipping,0.0005220251188847788,32.82308599046423,0.9887855648994446,2.144922435775973,529200,10289,795,11084,0.019442554799697656,0.0015022675736961451,0.0209448223733938,0.026274252399943084,0.07023157179355621
2,20260813,10.png,BOSR_FULL_B1,final,0.000538834278555539,32.68544783932753,0.9814924001693726,2.343147523712797,,,,,,,0.0,,
2,20260813,18.png,RGB_ADD_FULL_B0P1,pre-clipping,0.0003160640214974939,35.002249383724006,0.975922167301178,2.360685222179701,529200,11303,0,11303,0.021358654572940287,0.0,0.021358654572940287,0.023225644714634616,0.0555555485188961
2,20260813,18.png,RGB_ADD_FULL_B0P1,post-clipping,0.00030075565165027166,35.2178620286604,0.9882726073265076,2.3053752915266355,529200,11303,0,11303,0.021358654572940287,0.0,0.021358654572940287,0.023225644714634616,0.0555555485188961
2,20260813,18.png,BOSR_FULL_B1,final,0.00038638931852017356,34.129748878773164,0.979270339012146,2.7377912767117016,,,,,,,0.0,,
2,20260813,33.png,RGB_ADD_FULL_B0P1,pre-clipping,0.00023524358417959012,36.284822122934656,0.9779080748558044,2.032668720804642,529200,32753,0,32753,0.06189153439153439,0.0,0.06189153439153439,0.008552291423265735,0.05249050259590149
2,20260813,33.png,RGB_ADD_FULL_B0P1,post-clipping,0.0002229548071234242,36.51783159400176,0.9884756803512573,1.9865624139369893,529200,32753,0,32753,0.06189153439153439,0.0,0.06189153439153439,0.008552291423265735,0.05249050259590149
2,20260813,33.png,BOSR_FULL_B1,final,0.0002702135153537838,35.682929325279964,0.9785743951797485,2.2616993491182464,,,,,,,0.0,,
2,20260813,46.png,RGB_ADD_FULL_B0P1,pre-clipping,0.0015885011038554067,27.99012479043856,0.9715470671653748,3.77522644634439,529200,47647,2727,50374,0.09003590325018897,0.005153061224489796,0.09518896447467876,0.006948237724189899,0.05171218141913414
2,20260813,46.png,RGB_ADD_FULL_B0P1,post-clipping,0.001577587060310035,28.020066645599357,0.9734843969345093,3.7070002944931035,529200,47647,2727,50374,0.09003590325018897,0.005153061224489796,0.09518896447467876,0.006948237724189899,0.05171218141913414
2,20260813,46.png,BOSR_FULL_B1,final,0.0015781943944085076,28.018395035225318,0.9676232933998108,3.6535439262482496,,,,,,,0.0,,
2,20260813,48.png,RGB_ADD_FULL_B0P1,pre-clipping,0.0013346537525028327,28.7463138814307,0.9766542911529541,2.9900238546378985,529200,23180,0,23180,0.04380196523053666,0.0,0.04380196523053666,0.010751417464306415,0.04727713391184807
2,20260813,48.png,RGB_ADD_FULL_B0P1,post-clipping,0.0013240220879407578,28.78104769737125,0.9817673563957214,2.9437225470673676,529200,23180,0,23180,0.04380196523053666,0.0,0.04380196523053666,0.010751417464306415,0.04727713391184807
2,20260813,48.png,BOSR_FULL_B1,final,0.0013806392102621078,28.599197967751387,0.9735055565834045,3.0554250272806383,,,,,,,0.0,,
2,20260813,52.png,RGB_ADD_FULL_B0P1,pre-clipping,0.0001376623906781472,38.61184692654493,0.9828440546989441,1.0684985474515973,529200,13111,34,13145,0.024775132275132276,6.424792139077853e-05,0.024839380196523052,0.015966805285816593,0.05973396450281143
2,20260813,52.png,RGB_ADD_FULL_B0P1,post-clipping,0.00012663251029059198,38.97454783834717,0.9865323305130005,1.0184556304615473,529200,13111,34,13145,0.024775132275132276,6.424792139077853e-05,0.024839380196523052,0.015966805285816593,0.05973396450281143
2,20260813,52.png,BOSR_FULL_B1,final,0.00013133383425592646,38.816233764410185,0.9803335070610046,1.0206765102601243,,,,,,,0.0,,
2,20260813,57.png,RGB_ADD_FULL_B0P1,pre-clipping,0.00013403760335504037,38.72773346123146,0.9819511771202087,1.1393508198818998,529200,9199,317,9516,0.017382842025699168,0.0005990173847316704,0.017981859410430838,0.02167209804080299,0.06463002413511276
2,20260813,57.png,RGB_ADD_FULL_B0P1,post-clipping,0.00012275076495582064,39.10975792768687,0.9854175448417664,1.0893657280994427,529200,9199,317,9516,0.017382842025699168,0.0005990173847316704,0.017981859410430838,0.02167209804080299,0.06463002413511276
2,20260813,57.png,BOSR_FULL_B1,final,0.00012280359779146227,39.10788909431899,0.9802133440971375,1.0760627496916226,,,,,,,0.0,,
2,20260813,58.png,RGB_ADD_FULL_B0P1,pre-clipping,0.0001150531871570452,39.391013461779046,0.981833815574646,1.2251426845866429,529200,11322,0,11322,0.02139455782312925,0.0,0.02139455782312925,0.019217541580555518,0.04635327681899071
2,20260813,58.png,RGB_ADD_FULL_B0P1,post-clipping,0.00010395989123605146,39.831341835343125,0.987125039100647,1.168263840479546,529200,11322,0,11322,0.02139455782312925,0.0,0.02139455782312925,0.019217541580555518,0.04635327681899071
2,20260813,58.png,BOSR_FULL_B1,final,0.00011056028375423585,39.5640085534668,0.9799879789352417,1.174699734198391,,,,,,,0.0,,
2,20260813,67.png,RGB_ADD_FULL_B0P1,pre-clipping,0.000969211335789608,30.135815150441427,0.9780438542366028,2.9749434832381527,529200,31525,0,31525,0.059571050642479216,0.0,0.059571050642479216,0.008933242978930656,0.059347569942474365
2,20260813,67.png,RGB_ADD_FULL_B0P1,post-clipping,0.0009591797057070877,30.181000186004766,0.9821439385414124,2.9184332157785664,529200,31525,0,31525,0.059571050642479216,0.0,0.059571050642479216,0.008933242978930656,0.059347569942474365
2,20260813,67.png,BOSR_FULL_B1,final,0.0009484345038399998,30.229926548681,0.9740140438079834,2.962025455953988,,,,,,,0.0,,
2,20260813,73.png,RGB_ADD_FULL_B0P1,pre-clipping,0.00013449297173392323,38.71300410211215,0.9809281826019287,1.2302212356769318,529200,10642,22,10664,0.02010959939531368,4.157218442932729e-05,0.02015117157974301,0.02134936523650767,0.06149173900485039
2,20260813,73.png,RGB_ADD_FULL_B0P1,post-clipping,0.00012163811857171106,39.14930305892614,0.9866260290145874,1.1761675325634293,529200,10642,22,10664,0.02010959939531368,4.157218442932729e-05,0.02015117157974301,0.02134936523650767,0.06149173900485039
2,20260813,73.png,BOSR_FULL_B1,final,0.00013320699597738655,38.75472965596742,0.9804092049598694,1.2035993137905008,,,,,,,0.0,,
2,20260813,76.png,RGB_ADD_FULL_B0P1,pre-clipping,0.000602755183072151,32.19859046450373,0.97884601354599,2.2576926750457416,529200,11029,8,11037,0.020840891912320483,1.511715797430083e-05,0.020856009070294786,0.020303700865846562,0.0574532225728035
2,20260813,76.png,RGB_ADD_FULL_B0P1,post-clipping,0.0005909684893480302,32.284356752390615,0.9869202375411987,2.2022215947280444,529200,11029,8,11037,0.020840891912320483,1.511715797430083e-05,0.020856009070294786,0.020303700865846562,0.0574532225728035
2,20260813,76.png,BOSR_FULL_B1,final,0.000601463601800885,32.20790649313865,0.9784563779830933,2.2928745361989984,,,,,,,0.0,,
2,20260813,77.png,RGB_ADD_FULL_B0P1,pre-clipping,0.0005856171377965576,32.32386222349989,0.979025661945343,2.413290396525966,529200,22199,292,22491,0.04194822373393802,0.0005517762660619803,0.0425,0.012198513071456982,0.06415063887834549
2,20260813,77.png,RGB_ADD_FULL_B0P1,post-clipping,0.0005735016950198419,32.4146529417653,0.9845702052116394,2.343933420890017,529200,22199,292,22491,0.04194822373393802,0.0005517762660619803,0.0425,0.012198513071456982,0.06415063887834549
2,20260813,77.png,BOSR_FULL_B1,final,0.0005992550921901707,32.22388266846756,0.9777688980102539,2.3689094006133407,,,,,,,0.0,,
2,20260813,81.png,RGB_ADD_FULL_B0P1,pre-clipping,0.001868559879032183,27.284929803850794,0.8559908866882324,4.037041986200947,529200,62073,11,62084,0.11729591836734694,2.0786092214663643e-05,0.1173167044595616,0.018899287520543557,0.04579688981175423
2,20260813,81.png,RGB_ADD_FULL_B0P1,post-clipping,0.0018013453324035185,27.4440302145001,0.9428447484970093,3.937217015670931,529200,62073,11,62084,0.11729591836734694,2.0786092214663643e-05,0.1173167044595616,0.018899287520543557,0.04579688981175423
2,20260813,81.png,BOSR_FULL_B1,final,0.0018345855871875986,27.364620227053884,0.933375358581543,4.007667654897474,,,,,,,0.0,,
2,20260813,82.png,RGB_ADD_FULL_B0P1,pre-clipping,0.00017622556875315272,37.53931079109033,0.9622275233268738,1.5321684912913747,529200,60321,1,60322,0.11398526077097505,1.8896447467876038e-06,0.11398715041572184,0.009050094522473804,0.04784098640084267
2,20260813,82.png,RGB_ADD_FULL_B0P1,post-clipping,0.00015835095582677035,38.003793108267125,0.9776141047477722,1.4633958483993403,529200,60321,1,60322,0.11398526077097505,1.8896447467876038e-06,0.11398715041572184,0.009050094522473804,0.04784098640084267
2,20260813,82.png,BOSR_FULL_B1,final,0.0001656072253024818,37.80920719238671,0.9687350988388062,1.5082070827882368,,,,,,,0.0,,
2,20260813,92.png,RGB_ADD_FULL_B0P1,pre-clipping,0.0015598155247426393,28.069267614684364,0.959175169467926,3.74867634587296,529200,21805,454,22259,0.0412037037037037,0.0008578987150415722,0.04206160241874528,0.02004532153579741,0.06317965686321259
2,20260813,92.png,RGB_ADD_FULL_B0P1,post-clipping,0.0015343576231025544,28.140734046382615,0.9790533781051636,3.65722182488328,529200,21805,454,22259,0.0412037037037037,0.0008578987150415722,0.04206160241874528,0.02004532153579741,0.06317965686321259
2,20260813,92.png,BOSR_FULL_B1,final,0.0015710369934494534,28.038135884407346,0.9672765731811523,3.7681759033445927,,,,,,,0.0,,
2,20260813,93.png,RGB_ADD_FULL_B0P1,pre-clipping,0.00021438462642335603,36.688063612315545,0.9628762602806091,2.3535270347099457,529200,18411,0,18411,0.034790249433106574,0.0,0.034790249433106574,0.023228259815134846,0.054817575961351395
2,20260813,93.png,RGB_ADD_FULL_B0P1,post-clipping,0.0001899986755340545,37.212494264695735,0.9842404127120972,2.2618960242395074,529200,18411,0,18411,0.034790249433106574,0.0,0.034790249433106574,0.023228259815134846,0.054817575961351395
2,20260813,93.png,BOSR_FULL_B1,final,0.00021861160815131022,36.603267809855375,0.9717512726783752,2.522957155107991,,,,,,,0.0,,
2,20260813,94.png,RGB_ADD_FULL_B0P1,pre-clipping,0.0013107526279891018,28.824792628760957,0.9760244488716125,3.525662051375211,529200,9944,0,9944,0.018790627362055935,0.0,0.018790627362055935,0.023330680622741365,0.055245935916900635
2,20260813,94.png,RGB_ADD_FULL_B0P1,post-clipping,0.0012974534861626564,28.869082027010727,0.9853185415267944,3.466490611355927,529200,9944,0,9944,0.018790627362055935,0.0,0.018790627362055935,0.023330680622741365,0.055245935916900635
2,20260813,94.png,BOSR_FULL_B1,final,0.0012879742403426946,28.90092822837151,0.9771076440811157,3.4731645605342494,,,,,,,0.0,,
2,20260813,102.png,RGB_ADD_FULL_B0P1,pre-clipping,0.0005024266157003523,32.98927362213489,0.9802554845809937,2.2993308821310676,529200,9429,0,9429,0.01781746031746032,0.0,0.01781746031746032,0.02377042059048123,0.06585793197154999
2,20260813,102.png,RGB_ADD_FULL_B0P1,post-clipping,0.000489881007766278,33.09909397412807,0.9858201146125793,2.2448785703581193,529200,9429,0,9429,0.01781746031746032,0.0,0.01781746031746032,0.02377042059048123,0.06585793197154999
2,20260813,102.png,BOSR_FULL_B1,final,0.000520704729038161,32.83408478045737,0.9794440269470215,2.2650065987062598,,,,,,,0.0,,
2,20260813,104.png,RGB_ADD_FULL_B0P1,pre-clipping,0.0002937104866393587,35.320805471499845,0.9724037647247314,2.0050471233900167,529200,58667,8,58675,0.11085978835978837,1.511715797430083e-05,0.11087490551776266,0.007511486903640601,0.04754427820444107
2,20260813,104.png,RGB_ADD_FULL_B0P1,post-clipping,0.0002812903129171344,35.508452238215554,0.9780011773109436,1.9305840140803205,529200,58667,8,58675,0.11085978835978837,1.511715797430083e-05,0.11087490551776266,0.007511486903640601,0.04754427820444107
2,20260813,104.png,BOSR_FULL_B1,final,0.00030201293448208876,35.19974456864351,0.9699649810791016,1.9459518250895154,,,,,,,0.0,,
2,20260813,105.png,RGB_ADD_FULL_B0P1,pre-clipping,0.0002557804320597532,35.92132683366096,0.9477674961090088,2.2677787753720926,529200,31842,13,31855,0.060170068027210886,2.4565381708238852e-05,0.060194633408919125,0.0180031853542307,0.04953966289758682
2,20260813,105.png,RGB_ADD_FULL_B0P1,post-clipping,0.00022466232878254715,36.48469743662045,0.9787688851356506,2.1828298484937894,529200,31842,13,31855,0.060170068027210886,2.4565381708238852e-05,0.060194633408919125,0.0180031853542307,0.04953966289758682
2,20260813,105.png,BOSR_FULL_B1,final,0.0002461284036409489,36.088382650752095,0.9667282104492188,2.279737949342109,,,,,,,0.0,,
2,20260813,109.png,RGB_ADD_FULL_B0P1,pre-clipping,0.00019788758720350722,37.03581446713723,0.9811610579490662,1.3965440027939864,529200,9454,416,9870,0.017864701436130007,0.0007860922146636433,0.01865079365079365,0.022298298223607484,0.0576220266520977
2,20260813,109.png,RGB_ADD_FULL_B0P1,post-clipping,0.00018528382596733333,37.321624900157765,0.9867257475852966,1.3436296366684726,529200,9454,416,9870,0.017864701436130007,0.0007860922146636433,0.01865079365079365,0.022298298223607484,0.0576220266520977
2,20260813,109.png,BOSR_FULL_B1,final,0.00018144391595280643,37.41257589670218,0.9805622696876526,1.3308396303035264,,,,,,,0.0,,
2,20260813,120.png,RGB_ADD_FULL_B0P1,pre-clipping,0.0003177935026806516,34.97854986231174,0.9738439917564392,2.1267449891951578,529200,51083,0,51083,0.09652872260015118,0.0,0.09652872260015118,0.007562882735991613,0.04812784865498543
2,20260813,120.png,RGB_ADD_FULL_B0P1,post-clipping,0.00030622634246308696,35.13957452781203,0.9765427708625793,2.057309180962113,529200,51083,0,51083,0.09652872260015118,0.0,0.09652872260015118,0.007562882735991613,0.04812784865498543
2,20260813,120.png,BOSR_FULL_B1,final,0.0003305079138241901,34.80818137119253,0.9687675833702087,2.0536782370211912,,,,,,,0.0,,
2,20260813,133.png,RGB_ADD_FULL_B0P1,pre-clipping,0.0005821052040587301,32.34998518076591,0.9719858169555664,2.8984466128639923,529200,45849,0,45849,0.08663832199546485,0.0,0.08663832199546485,0.006679291854534162,0.05739676579833031
2,20260813,133.png,RGB_ADD_FULL_B0P1,post-clipping,0.0005706685978409218,32.43616024699375,0.980688750743866,2.8368934154108207,529200,45849,0,45849,0.08663832199546485,0.0,0.08663832199546485,0.006679291854534162,0.05739676579833031
2,20260813,133.png,BOSR_FULL_B1,final,0.0005189803050462571,32.848491230225015,0.9747908711433411,2.632794549078129,,,,,,,0.0,,
2,20260813,139.png,RGB_ADD_FULL_B0P1,pre-clipping,0.00019125250948751171,37.18392857615241,0.9822964668273926,1.4891907470990802,529200,14193,54,14247,0.026819727891156463,0.00010204081632653062,0.026921768707482994,0.015258314718103159,0.057338643819093704
2,20260813,139.png,RGB_ADD_FULL_B0P1,post-clipping,0.0001806470547349816,37.43169114764503,0.986807107925415,1.4318188203466793,529200,14193,54,14247,0.026819727891156463,0.00010204081632653062,0.026921768707482994,0.015258314718103159,0.057338643819093704
2,20260813,139.png,BOSR_FULL_B1,final,0.00019526233088729516,37.0938153072998,0.9801045060157776,1.4737443048856287,,,,,,,0.0,,
2,20260813,142.png,RGB_ADD_FULL_B0P1,pre-clipping,0.0021006222928587736,26.776520298757085,0.961934506893158,4.55921613435441,529200,51479,1,51480,0.09727702191987907,1.8896447467876038e-06,0.09727891156462586,0.006551186642537201,0.04748639836907387
2,20260813,142.png,RGB_ADD_FULL_B0P1,post-clipping,0.002090332866735943,26.797845508861215,0.9646201729774475,4.483063206901633,529200,51479,1,51480,0.09727702191987907,1.8896447467876038e-06,0.09727891156462586,0.006551186642537201,0.04748639836907387
2,20260813,142.png,BOSR_FULL_B1,final,0.002101654389130146,26.774387008836484,0.9582574963569641,4.443197219776042,,,,,,,0.0,,
2,20260813,159.png,RGB_ADD_FULL_B0P1,pre-clipping,0.0008872674374922665,30.51945456694652,0.9731563925743103,3.0318828595862626,529200,19640,0,19640,0.03711262282690854,0.0,0.03711262282690854,0.013602471963000322,0.05395403504371643
2,20260813,159.png,RGB_ADD_FULL_B0P1,post-clipping,0.0008734662357128766,30.5875387823342,0.9851794242858887,2.9698042275745737,529200,19640,0,19640,0.03711262282690854,0.0,0.03711262282690854,0.013602471963000322,0.05395403504371643
2,20260813,159.png,BOSR_FULL_B1,final,0.0008231058004592782,30.845443378102686,0.9778838753700256,2.910318658146439,,,,,,,0.0,,
2,20260813,160.png,RGB_ADD_FULL_B0P1,pre-clipping,0.0016034697640408863,27.949392249678475,0.9746725559234619,3.8217614731482064,529200,10700,17,10717,0.020219198790627363,3.2123960695389265e-05,0.020251322751322753,0.023609412778545415,0.06831984966993332
2,20260813,160.png,RGB_ADD_FULL_B0P1,post-clipping,0.001588302856905755,27.99066682927673,0.9846997857093811,3.764020089365589,529200,10700,17,10717,0.020219198790627363,3.2123960695389265e-05,0.020251322751322753,0.023609412778545415,0.06831984966993332
2,20260813,160.png,BOSR_FULL_B1,final,0.0016483922389465791,27.829394389124392,0.9771435856819153,3.8208659207922273,,,,,,,0.0,,
2,20260813,164.png,RGB_ADD_FULL_B0P1,pre-clipping,0.0008323603558155339,30.796886128195695,0.9759437441825867,3.122828511073379,529200,13958,8807,22765,0.026375661375661375,0.016642101284958428,0.0430177626606198,0.01189754261733494,0.06349276751279831
2,20260813,164.png,RGB_ADD_FULL_B0P1,post-clipping,0.0008176233738364736,30.874467016233766,0.9870191812515259,3.0701672494512535,529200,13958,8807,22765,0.026375661375661375,0.016642101284958428,0.0430177626606198,0.01189754261733494,0.06349276751279831
2,20260813,164.png,BOSR_FULL_B1,final,0.0007827773547835403,31.063617466762796,0.9797062873840332,3.0737977053466548,,,,,,,0.0,,
2,20260813,166.png,RGB_ADD_FULL_B0P1,pre-clipping,0.00019252758937183626,37.15507026917052,0.9303753972053528,1.8870572923994529,529200,83021,0,83021,0.15688019652305366,0.0,0.15688019652305366,0.010727948649803073,0.04037799686193466
2,20260813,166.png,RGB_ADD_FULL_B0P1,post-clipping,0.0001625550569495864,37.88999515425687,0.9594938158988953,1.7046840136380765,529200,83021,0,83021,0.15688019652305366,0.0,0.15688019652305366,0.010727948649803073,0.04037799686193466
2,20260813,166.png,BOSR_FULL_B1,final,0.00019935661889669876,37.00369340625652,0.9357443451881409,1.8111031103752289,,,,,,,0.0,,
2,20260813,174.png,RGB_ADD_FULL_B0P1,pre-clipping,0.00032471811978428616,34.88493476379344,0.9785168766975403,1.463944658020891,529200,9250,24351,33601,0.017479213907785337,0.046014739229024944,0.06349395313681028,0.009247861056097333,0.058251895010471344
2,20260813,174.png,RGB_ADD_FULL_B0P1,post-clipping,0.00030804732921192073,35.1138255221241,0.984463095664978,1.3963522000885304,529200,9250,24351,33601,0.017479213907785337,0.046014739229024944,0.06349395313681028,0.009247861056097333,0.058251895010471344
2,20260813,174.png,BOSR_FULL_B1,final,0.00033279491526618546,34.77823317864208,0.9785351157188416,1.3744624887494812,,,,,,,0.0,,
2,20260813,176.png,RGB_ADD_FULL_B0P1,pre-clipping,0.0009277352711621634,30.32575931836387,0.9779110550880432,2.878770612415445,529200,23803,16156,39959,0.04497921390778534,0.03052910052910053,0.07550831443688587,0.007982729749858388,0.06090773269534111
2,20260813,176.png,RGB_ADD_FULL_B0P1,post-clipping,0.0009131009822589482,30.394811900312387,0.9822659492492676,2.833152288937052,529200,23803,16156,39959,0.04497921390778534,0.03052910052910053,0.07550831443688587,0.007982729749858388,0.06090773269534111
2,20260813,176.png,BOSR_FULL_B1,final,0.0009025628401988981,30.445225509718455,0.9761770367622375,2.7436603110184516,,,,,,,0.0,,
2,20260813,177.png,RGB_ADD_FULL_B0P1,pre-clipping,0.0005639176560816546,32.487843075772915,0.9809801578521729,2.147368146838051,529200,21895,66,21961,0.04137377173091459,0.00012471655328798187,0.04149848828420257,0.011522788861874916,0.058873750269412994
2,20260813,177.png,RGB_ADD_FULL_B0P1,post-clipping,0.000553466523680371,32.569086422117486,0.9841927886009216,2.0922754186573473,529200,21895,66,21961,0.04137377173091459,0.00012471655328798187,0.04149848828420257,0.011522788861874916,0.058873750269412994
2,20260813,177.png,BOSR_FULL_B1,final,0.0005295255244948821,32.76113100938724,0.9780169129371643,2.1190850833109,,,,,,,0.0,,
2,20260813,180.png,RGB_ADD_FULL_B0P1,pre-clipping,0.0009603864601923886,30.175539713817557,0.9799092411994934,2.48803204520968,529200,10242,0,10242,0.019353741496598638,0.0,0.019353741496598638,0.01991564304703515,0.053365327417850494
2,20260813,180.png,RGB_ADD_FULL_B0P1,post-clipping,0.0009493768635449667,30.22561356309661,0.9845167398452759,2.437179507165359,529200,10242,0,10242,0.019353741496598638,0.0,0.019353741496598638,0.01991564304703515,0.053365327417850494
2,20260813,180.png,BOSR_FULL_B1,final,0.0009662776092455745,30.148980838920416,0.9783793091773987,2.491126330510129,,,,,,,0.0,,
2,20260813,181.png,RGB_ADD_FULL_B0P1,pre-clipping,0.00023617045479215712,36.26774434086205,0.9815934896469116,1.7266956660163955,529200,12781,113,12894,0.024151549508692367,0.00021352985638699925,0.024365079365079364,0.016339189624368342,0.05448645353317261
2,20260813,181.png,RGB_ADD_FULL_B0P1,post-clipping,0.00022559613835203482,36.46668338672543,0.9858711957931519,1.6725835285205006,529200,12781,113,12894,0.024151549508692367,0.00021352985638699925,0.024365079365079364,0.016339189624368342,0.05448645353317261
2,20260813,181.png,BOSR_FULL_B1,final,0.00023303792358058708,36.325733980229856,0.9793362617492676,1.6495528504326575,,,,,,,0.0,,
2,20260813,190.png,RGB_ADD_FULL_B0P1,pre-clipping,0.002113142594690145,26.750711958025942,0.9714745879173279,4.5843939310808794,529200,9826,8,9834,0.018567649281934995,1.511715797430083e-05,0.018582766439909297,0.02177166568324514,0.05549414083361626
2,20260813,190.png,RGB_ADD_FULL_B0P1,post-clipping,0.0021018403469993336,26.774002754868885,0.9768168926239014,4.529818159546194,529200,9826,8,9834,0.018567649281934995,1.511715797430083e-05,0.018582766439909297,0.02177166568324514,0.05549414083361626
2,20260813,190.png,BOSR_FULL_B1,final,0.002167481257192873,26.640446492994588,0.9698143601417542,4.59804034538043,,,,,,,0.0,,
2,20260813,200.png,RGB_ADD_FULL_B0P1,pre-clipping,0.000622925013484124,32.055642297294554,0.9684911370277405,2.639970481440755,529200,44367,0,44367,0.08383786848072562,0.0,0.08383786848072562,0.009182889485121684,0.05702526494860649
2,20260813,200.png,RGB_ADD_FULL_B0P1,post-clipping,0.0006101954592152549,32.145310284948174,0.9734534621238708,2.51413158287022,529200,44367,0,44367,0.08383786848072562,0.0,0.08383786848072562,0.009182889485121684,0.05702526494860649
2,20260813,200.png,BOSR_FULL_B1,final,0.00067402905417837,31.71321382697045,0.9614000916481018,2.610119341373768,,,,,,,0.0,,
2,20260813,207.png,RGB_ADD_FULL_B0P1,pre-clipping,0.0021612329680694695,26.652984162293414,0.9768800139427185,3.7373692354703496,529200,8930,0,8930,0.016874527588813304,0.0,0.016874527588813304,0.02072619989610234,0.05562206730246544
2,20260813,207.png,RGB_ADD_FULL_B0P1,post-clipping,0.0021512563876048244,26.673078271362442,0.9798455834388733,3.689806611353293,529200,8930,0,8930,0.016874527588813304,0.0,0.016874527588813304,0.02072619989610234,0.05562206730246544
2,20260813,207.png,BOSR_FULL_B1,final,0.002127035012761733,26.72225361190799,0.9750587344169617,3.7298963647386314,,,,,,,0.0,,
2,20260813,210.png,RGB_ADD_FULL_B0P1,pre-clipping,0.001602610379680268,27.951720487762724,0.9678528308868408,3.34490276984779,529200,40258,0,40258,0.07607331821617536,0.0,0.07607331821617536,0.010777271007315877,0.058524470776319504
2,20260813,210.png,RGB_ADD_FULL_B0P1,post-clipping,0.001586378358625495,27.995932234079206,0.977952778339386,3.2995106377448566,529200,40258,0,40258,0.07607331821617536,0.0,0.07607331821617536,0.010777271007315877,0.058524470776319504
2,20260813,210.png,BOSR_FULL_B1,final,0.0015695658023937003,28.042204722433727,0.9719207286834717,3.3434489487844496,,,,,,,0.0,,
2,20260813,224.png,RGB_ADD_FULL_B0P1,pre-clipping,0.0009661806322534038,30.149416724899236,0.9219672679901123,2.9233289953034864,529200,49269,1,49270,0.09310090702947846,1.8896447467876038e-06,0.09310279667422525,0.01611454988420223,0.055449794977903366
2,20260813,224.png,RGB_ADD_FULL_B0P1,post-clipping,0.0009286553507600674,30.321454345905142,0.9710206389427185,2.8338418462623736,529200,49269,1,49270,0.09310090702947846,1.8896447467876038e-06,0.09310279667422525,0.01611454988420223,0.055449794977903366
2,20260813,224.png,BOSR_FULL_B1,final,0.0009140463008385205,30.390318046060155,0.9617798328399658,2.901490987529501,,,,,,,0.0,,
2,20260813,226.png,RGB_ADD_FULL_B0P1,pre-clipping,0.000195085958795799,37.09773987586257,0.9797945022583008,1.4584901343417813,529200,12299,1,12300,0.023240740740740742,1.8896447467876038e-06,0.023242630385487528,0.019743025626060156,0.06105441600084305
2,20260813,226.png,RGB_ADD_FULL_B0P1,post-clipping,0.00018175252886195892,37.405195377555614,0.9887009859085083,1.4015726295514295,529200,12299,1,12300,0.023240740740740742,1.8896447467876038e-06,0.023242630385487528,0.019743025626060156,0.06105441600084305
2,20260813,226.png,BOSR_FULL_B1,final,0.00019150729261449076,37.17814683408525,0.9812818765640259,1.4245691249672285,,,,,,,0.0,,
2,20260813,228.png,RGB_ADD_FULL_B0P1,pre-clipping,0.00027907948315881445,35.542720899837164,0.9767733812332153,1.8000662770811757,529200,10262,0,10262,0.01939153439153439,0.0,0.01939153439153439,0.024304657267919957,0.05981646850705147
2,20260813,228.png,RGB_ADD_FULL_B0P1,post-clipping,0.00026464769449515677,35.77331885056022,0.9891324043273926,1.7426521127493826,529200,10262,0,10262,0.01939153439153439,0.0,0.01939153439153439,0.024304657267919957,0.05981646850705147
2,20260813,228.png,BOSR_FULL_B1,final,0.00025189657328456906,35.98777740456334,0.9812803268432617,1.6075325325774623,,,,,,,0.0,,
2,20260813,230.png,RGB_ADD_FULL_B0P1,pre-clipping,0.0001705693913111874,37.68098900350851,0.9802971482276917,1.3974946983981824,529200,15957,7,15964,0.030153061224489797,1.3227513227513228e-05,0.03016628873771731,0.016422791657730147,0.05800569802522659
2,20260813,230.png,RGB_ADD_FULL_B0P1,post-clipping,0.0001576770930417794,38.02231395372144,0.987007737159729,1.3369702709650093,529200,15957,7,15964,0.030153061224489797,1.3227513227513228e-05,0.03016628873771731,0.016422791657730147,0.05800569802522659
2,20260813,230.png,BOSR_FULL_B1,final,0.00015287865660854887,38.156531422145406,0.9804774522781372,1.3032331197843223,,,,,,,0.0,,
2,20260813,232.png,RGB_ADD_FULL_B0P1,pre-clipping,0.0003111404832988668,35.07043478028363,0.9800952672958374,1.8444944936967163,529200,10757,0,10757,0.020326908541194254,0.0,0.020326908541194254,0.02223003609029377,0.06565934419631958
2,20260813,232.png,RGB_ADD_FULL_B0P1,post-clipping,0.00029802107777112557,35.25753019024508,0.9876076579093933,1.7845345534182724,529200,10757,0,10757,0.020326908541194254,0.0,0.020326908541194254,0.02223003609029377,0.06565934419631958
2,20260813,232.png,BOSR_FULL_B1,final,0.0003073678653443419,35.12341539026042,0.9800338745117188,1.8048219662931382,,,,,,,0.0,,
2,20260813,235.png,RGB_ADD_FULL_B0P1,pre-clipping,0.0005846647340119739,32.330931012814126,0.9800822138786316,2.0540134131746504,529200,23643,537,24180,0.04467687074829932,0.0010147392290249433,0.045691609977324264,0.01129799833544775,0.05587266758084297
2,20260813,235.png,RGB_ADD_FULL_B0P1,post-clipping,0.0005730400064524414,32.418150569592704,0.9843409657478333,2.016647568325427,529200,23643,537,24180,0.04467687074829932,0.0010147392290249433,0.045691609977324264,0.01129799833544775,0.05587266758084297
2,20260813,235.png,BOSR_FULL_B1,final,0.0006019568095589359,32.20434668282259,0.9784838557243347,2.0939243742357894,,,,,,,0.0,,
2,20260813,237.png,RGB_ADD_FULL_B0P1,pre-clipping,0.0016203549354503544,27.903898437144377,0.9742053151130676,3.9775803321129723,529200,10006,0,10006,0.018907785336356765,0.0,0.018907785336356765,0.023479726868024374,0.05753592401742935
2,20260813,237.png,RGB_ADD_FULL_B0P1,post-clipping,0.0016070079342058524,27.93981979009329,0.9835070371627808,3.9200348535171874,529200,10006,0,10006,0.018907785336356765,0.0,0.018907785336356765,0.023479726868024374,0.05753592401742935
2,20260813,237.png,BOSR_FULL_B1,final,0.0015925789292463718,27.97899034542557,0.9756853580474854,3.932446609274661,,,,,,,0.0,,
2,20260813,239.png,RGB_ADD_FULL_B0P1,pre-clipping,0.00015898235427692123,37.98651076091094,0.9529353380203247,1.6866227037827408,529200,48739,0,48739,0.09209939531368103,0.0,0.09209939531368103,0.012460908374954381,0.056352436542510986
2,20260813,239.png,RGB_ADD_FULL_B0P1,post-clipping,0.0001342230459139696,38.72172909994322,0.984464168548584,1.5925884082698096,529200,48739,0,48739,0.09209939531368103,0.0,0.09209939531368103,0.012460908374954381,0.056352436542510986
2,20260813,239.png,BOSR_FULL_B1,final,0.00014499095684079573,38.386590840865125,0.9764544367790222,1.5707873745071588,,,,,,,0.0,,
2,20260813,243.png,RGB_ADD_FULL_B0P1,pre-clipping,0.00013712812206415767,38.62873471506199,0.9814844131469727,1.2899128755833926,529200,9223,0,9223,0.01742819349962207,0.0,0.01742819349962207,0.022785977396029305,0.0586828850209713
2,20260813,243.png,RGB_ADD_FULL_B0P1,post-clipping,0.00012606524712084155,38.994046205151605,0.985039234161377,1.2369139318132756,529200,9223,0,9223,0.01742819349962207,0.0,0.01742819349962207,0.022785977396029305,0.0586828850209713
2,20260813,243.png,BOSR_FULL_B1,final,0.00012202367176809298,39.13555910956238,0.9799441695213318,1.092224511868245,,,,,,,0.0,,
2,20260813,248.png,RGB_ADD_FULL_B0P1,pre-clipping,0.0009731730857386024,30.118099105065713,0.9762331247329712,3.0330346940974233,529200,9888,0,9888,0.01868480725623583,0.0,0.01868480725623583,0.02524889288165277,0.06318902224302292
2,20260813,248.png,RGB_ADD_FULL_B0P1,post-clipping,0.0009584799761487052,30.184169556486843,0.9862871766090393,2.973522198890811,529200,9888,0,9888,0.01868480725623583,0.0,0.01868480725623583,0.02524889288165277,0.06318902224302292
2,20260813,248.png,BOSR_FULL_B1,final,0.0009861311400890076,30.060653268134686,0.9784846305847168,3.031407411706834,,,,,,,0.0,,
2,20260813,249.png,RGB_ADD_FULL_B0P1,pre-clipping,0.0010527563361463113,29.776721360439137,0.9773338437080383,3.186694187880283,529200,25463,1,25464,0.04811602418745276,1.8896447467876038e-06,0.048117913832199544,0.01138484406450824,0.05721670389175415
2,20260813,249.png,RGB_ADD_FULL_B0P1,post-clipping,0.0010413607693687368,29.823987872975458,0.9804908037185669,3.1177974450089936,529200,25463,1,25464,0.04811602418745276,1.8896447467876038e-06,0.048117913832199544,0.01138484406450824,0.05721670389175415
2,20260813,249.png,BOSR_FULL_B1,final,0.0011131271023104882,29.53455242960468,0.9741419553756714,3.1798317758417634,,,,,,,0.0,,
2,20260813,256.png,RGB_ADD_FULL_B0P1,pre-clipping,0.0004588686286015323,33.383116326321286,0.9706248044967651,2.109484931389016,529200,21173,9,21182,0.04000944822373394,1.7006802721088435e-05,0.04002645502645503,0.017932062508703835,0.061302781105041504
2,20260813,256.png,RGB_ADD_FULL_B0P1,post-clipping,0.00044026098491248175,33.562897991827,0.985579788684845,2.043394933391752,529200,21173,9,21182,0.04000944822373394,1.7006802721088435e-05,0.04002645502645503,0.017932062508703835,0.061302781105041504
2,20260813,256.png,BOSR_FULL_B1,final,0.000459017724559902,33.381705442450084,0.977921187877655,2.064963000872973,,,,,,,0.0,,
2,20260813,257.png,RGB_ADD_FULL_B0P1,pre-clipping,0.000753634815625246,31.228390466739523,0.9797351956367493,2.493385225707472,529200,44065,0,44065,0.08326719576719577,0.0,0.08326719576719577,0.007372870510293192,0.05489085242152214
2,20260813,257.png,RGB_ADD_FULL_B0P1,post-clipping,0.0007434584192260956,31.287433160534466,0.9822612404823303,2.4623203078404705,529200,44065,0,44065,0.08326719576719577,0.0,0.08326719576719577,0.007372870510293192,0.05489085242152214
2,20260813,257.png,BOSR_FULL_B1,final,0.0007364846110521787,31.328363233698163,0.9757706522941589,2.5330920406694224,,,,,,,0.0,,
2,20260813,258.png,RGB_ADD_FULL_B0P1,pre-clipping,0.0012231598022037183,29.125167999698128,0.9763427376747131,3.450808303635298,529200,11177,0,11177,0.021120559334845048,0.0,0.021120559334845048,0.01982536888357687,0.05724671110510826
2,20260813,258.png,RGB_ADD_FULL_B0P1,post-clipping,0.001211917857890732,29.165268150490412,0.9814301133155823,3.394029608563144,529200,11177,0,11177,0.021120559334845048,0.0,0.021120559334845048,0.01982536888357687,0.05724671110510826
2,20260813,258.png,BOSR_FULL_B1,final,0.0012633211295691878,28.98486240044223,0.9745432138442993,3.452087173174094,,,,,,,0.0,,
2,20260813,262.png,RGB_ADD_FULL_B0P1,pre-clipping,0.001224427864622285,29.120667956101492,0.9768128395080566,3.5608344491609727,529200,20585,0,20585,0.038898337112622826,0.0,0.038898337112622826,0.010404669761069756,0.0609920509159565
2,20260813,262.png,RGB_ADD_FULL_B0P1,post-clipping,0.001216055293960064,29.150466772707052,0.9775136709213257,3.504030591606344,529200,20585,0,20585,0.038898337112622826,0.0,0.038898337112622826,0.010404669761069756,0.0609920509159565
2,20260813,262.png,BOSR_FULL_B1,final,0.0013147946774268134,28.81142062704836,0.971893310546875,3.581464097913051,,,,,,,0.0,,
2,20260813,263.png,RGB_ADD_FULL_B0P1,pre-clipping,0.00013970858103863054,38.54776918271823,0.9810318350791931,1.1778426207134778,529200,12584,0,12584,0.023779289493575207,0.0,0.023779289493575207,0.019192528759306604,0.06649933010339737
2,20260813,263.png,RGB_ADD_FULL_B0P1,post-clipping,0.0001263583417009564,38.98396082314608,0.9898951053619385,1.119777352435165,529200,12584,0,12584,0.023779289493575207,0.0,0.023779289493575207,0.019192528759306604,0.06649933010339737
2,20260813,263.png,BOSR_FULL_B1,final,0.00013871206597332339,38.578857598516194,0.9823268055915833,1.1479129464244384,,,,,,,0.0,,
2,20260813,278.png,RGB_ADD_FULL_B0P1,pre-clipping,0.0007252643562846287,31.39503665774541,0.9774271249771118,2.632654211464878,529200,9352,64,9416,0.017671957671957672,0.00012093726379440664,0.01779289493575208,0.022781865571174675,0.0599239356815815
2,20260813,278.png,RGB_ADD_FULL_B0P1,post-clipping,0.0007136614975718511,31.465077330358987,0.9839666485786438,2.57779996559015,529200,9352,64,9416,0.017671957671957672,0.00012093726379440664,0.01779289493575208,0.022781865571174675,0.0599239356815815
2,20260813,278.png,BOSR_FULL_B1,final,0.0007027931762249761,31.53172463941435,0.977164089679718,2.567353063683933,,,,,,,0.0,,
2,20260813,291.png,RGB_ADD_FULL_B0P1,pre-clipping,0.00017714715933739194,37.51665807451532,0.9826077222824097,1.286191250575786,529200,22867,5,22872,0.04321050642479214,9.44822373393802e-06,0.04321995464852608,0.010237122728586397,0.057198841124773026
2,20260813,291.png,RGB_ADD_FULL_B0P1,post-clipping,0.00016734186209375087,37.763954027188895,0.9853202104568481,1.232062180517768,529200,22867,5,22872,0.04321050642479214,9.44822373393802e-06,0.04321995464852608,0.010237122728586397,0.057198841124773026
2,20260813,291.png,BOSR_FULL_B1,final,0.0001964377939493891,37.06774951759874,0.9794278144836426,1.3225953260226706,,,,,,,0.0,,
2,20260813,294.png,RGB_ADD_FULL_B0P1,pre-clipping,0.0003438414860122443,34.63641724917071,0.9810344576835632,1.9040523933409663,529200,38932,37,38969,0.073567649281935,6.991685563114135e-05,0.07363756613756614,0.008230017193043119,0.04762407764792442
2,20260813,294.png,RGB_ADD_FULL_B0P1,post-clipping,0.00033286620319735724,34.77730297694053,0.9845248460769653,1.8581732653468868,529200,38932,37,38969,0.073567649281935,6.991685563114135e-05,0.07363756613756614,0.008230017193043119,0.04762407764792442
2,20260813,294.png,BOSR_FULL_B1,final,0.0003438776440834538,34.635960572887335,0.9787671566009521,1.8029027383020189,,,,,,,0.0,,
2,20260813,307.png,RGB_ADD_FULL_B0P1,pre-clipping,0.0008749102621544856,30.580364894345223,0.9798170328140259,2.592042839320798,529200,20235,13,20248,0.038236961451247165,2.4565381708238852e-05,0.0382615268329554,0.012831208296501789,0.06325412541627884
2,20260813,307.png,RGB_ADD_FULL_B0P1,post-clipping,0.0008634526829733319,30.63761456691342,0.9839041829109192,2.542208777371867,529200,20235,13,20248,0.038236961451247165,2.4565381708238852e-05,0.0382615268329554,0.012831208296501789,0.06325412541627884
2,20260813,307.png,BOSR_FULL_B1,final,0.0008353756417632414,30.781181922287143,0.9781550168991089,2.559856349144515,,,,,,,0.0,,
2,20260813,311.png,RGB_ADD_FULL_B0P1,pre-clipping,0.0007656428255046303,31.159737827022415,0.9544406533241272,2.733112313182727,529200,26001,0,26001,0.04913265306122449,0.0,0.04913265306122449,0.018480791329394827,0.04556569829583168
2,20260813,311.png,RGB_ADD_FULL_B0P1,post-clipping,0.0007417149590899535,31.297629619418153,0.9805413484573364,2.6784781094307215,529200,26001,0,26001,0.04913265306122449,0.0,0.04913265306122449,0.018480791329394827,0.04556569829583168
2,20260813,311.png,BOSR_FULL_B1,final,0.0007474124219199299,31.26439688495413,0.9738075733184814,2.7070952990298593,,,,,,,0.0,,
2,20260813,320.png,RGB_ADD_FULL_B0P1,pre-clipping,0.0002912720388555685,35.357012041934006,0.9803981184959412,1.8458492726987656,529200,9612,0,9612,0.018163265306122448,0.0,0.018163265306122448,0.024747632308898468,0.0582767091691494
2,20260813,320.png,RGB_ADD_FULL_B0P1,post-clipping,0.00027742753427553496,35.56850438033814,0.9878128170967102,1.7887290710765245,529200,9612,0,9612,0.018163265306122448,0.0,0.018163265306122448,0.024747632308898468,0.0582767091691494
2,20260813,320.png,BOSR_FULL_B1,final,0.0003034328587165306,35.17937391292941,0.9807741045951843,1.8080598903010654,,,,,,,0.0,,
2,20260813,329.png,RGB_ADD_FULL_B0P1,pre-clipping,0.00017989402994223077,37.44983249140095,0.9781824350357056,1.7024179385187128,529200,10277,29,10306,0.019419879062736206,5.4799697656840517e-05,0.019474678760393046,0.022670022470321873,0.055371273308992386
2,20260813,329.png,RGB_ADD_FULL_B0P1,post-clipping,0.00016698839592405905,37.7731370706347,0.9878355264663696,1.644314979628019,529200,10277,29,10306,0.019419879062736206,5.4799697656840517e-05,0.019474678760393046,0.022670022470321873,0.055371273308992386
2,20260813,329.png,BOSR_FULL_B1,final,0.00017095270427144535,37.671240247832856,0.9801324605941772,1.5528270045304027,,,,,,,0.0,,
2,20260813,333.png,RGB_ADD_FULL_B0P1,pre-clipping,0.00038574963007344487,34.13694481744759,0.9815608263015747,1.8333276163993122,529200,15129,21,15150,0.02858843537414966,3.968253968253968e-05,0.0286281179138322,0.013529668577701477,0.05380697175860405
2,20260813,333.png,RGB_ADD_FULL_B0P1,post-clipping,0.00037562908437047533,34.252407883638924,0.9849954843521118,1.7883953311622627,529200,15129,21,15150,0.02858843537414966,3.968253968253968e-05,0.0286281179138322,0.013529668577701477,0.05380697175860405
2,20260813,333.png,BOSR_FULL_B1,final,0.0003426742959825041,34.651184708010156,0.9794967770576477,1.7382621090192056,,,,,,,0.0,,
2,20260813,340.png,RGB_ADD_FULL_B0P1,pre-clipping,0.00017262495673006474,37.62896417272959,0.9821164608001709,1.522746468407632,529200,56503,0,56503,0.10677059712773998,0.0,0.10677059712773998,0.00578025078202357,0.03970997780561447
2,20260813,340.png,RGB_ADD_FULL_B0P1,post-clipping,0.00016462266836279367,37.83510363127159,0.9814754724502563,1.4674331245499974,529200,56503,0,56503,0.10677059712773998,0.0,0.10677059712773998,0.00578025078202357,0.03970997780561447
2,20260813,340.png,BOSR_FULL_B1,final,0.0001771375175842047,37.51689445844491,0.9759119749069214,1.5032526467633638,,,,,,,0.0,,
2,20260813,344.png,RGB_ADD_FULL_B0P1,pre-clipping,0.00024793260489462714,36.056663566742905,0.9813181161880493,1.6029383109304467,529200,50298,147,50445,0.0950453514739229,0.0002777777777777778,0.09532312925170068,0.007078312865291935,0.052037544548511505
2,20260813,344.png,RGB_ADD_FULL_B0P1,post-clipping,0.0002369026972063775,36.254299946796074,0.9846422076225281,1.5727331430734506,529200,50298,147,50445,0.0950453514739229,0.0002777777777777778,0.09532312925170068,0.007078312865291935,0.052037544548511505
2,20260813,344.png,BOSR_FULL_B1,final,0.0002558787375930139,35.91965800590634,0.9784066677093506,1.607112627418014,,,,,,,0.0,,
2,20260813,357.png,RGB_ADD_FULL_B0P1,pre-clipping,0.0007109478033963298,31.48162283277374,0.9800583720207214,2.452076330624832,529200,9410,2,9412,0.01778155706727135,3.7792894935752077e-06,0.01778533635676493,0.022049918141374327,0.06754924356937408
2,20260813,357.png,RGB_ADD_FULL_B0P1,post-clipping,0.0006994536033623287,31.552410881371287,0.9837320446968079,2.4033940832257277,529200,9410,2,9412,0.01778155706727135,3.7792894935752077e-06,0.01778533635676493,0.022049918141374327,0.06754924356937408
2,20260813,357.png,BOSR_FULL_B1,final,0.0007555584767963003,31.21731917602714,0.9788668155670166,2.4560059964535728,,,,,,,0.0,,
2,20260813,361.png,RGB_ADD_FULL_B0P1,pre-clipping,0.00011849678917156376,39.262934172822675,0.9816166162490845,1.169864141077842,529200,9206,0,9206,0.01739606953892668,0.0,0.01739606953892668,0.022958677129043474,0.05150218680500984
2,20260813,361.png,RGB_ADD_FULL_B0P1,post-clipping,0.00010697121346985402,39.70733077578339,0.9871197938919067,1.1169649111967328,529200,9206,0,9206,0.01739606953892668,0.0,0.01739606953892668,0.022958677129043474,0.05150218680500984
2,20260813,361.png,BOSR_FULL_B1,final,0.00011490370739217468,39.3966595848327,0.9807693958282471,1.1140243697941354,,,,,,,0.0,,
2,20260813,371.png,RGB_ADD_FULL_B0P1,pre-clipping,0.00016031349628538625,37.95029914230149,0.9794911742210388,1.4299818342921577,529200,10852,2189,13041,0.02050642479213908,0.004136432350718065,0.024642857142857143,0.019546751782704964,0.057051289826631546
2,20260813,371.png,RGB_ADD_FULL_B0P1,post-clipping,0.0001460826084683187,38.35401484926953,0.9890748858451843,1.368991065246887,529200,10852,2189,13041,0.02050642479213908,0.004136432350718065,0.024642857142857143,0.019546751782704964,0.057051289826631546
2,20260813,371.png,BOSR_FULL_B1,final,0.00016897664869172977,37.72173307487058,0.9810812473297119,1.4439231195175637,,,,,,,0.0,,
2,20260813,376.png,RGB_ADD_FULL_B0P1,pre-clipping,0.0006596717163725286,31.806721360296926,0.9752775430679321,2.5379666993325984,529200,11578,12367,23945,0.02187830687830688,0.023369236583522298,0.04524754346182917,0.012167703939014379,0.05363049730658531
2,20260813,376.png,RGB_ADD_FULL_B0P1,post-clipping,0.0006431683025207162,31.916753672128948,0.9882647395133972,2.4721606689296642,529200,11578,12367,23945,0.02187830687830688,0.023369236583522298,0.04524754346182917,0.012167703939014379,0.05363049730658531
2,20260813,376.png,BOSR_FULL_B1,final,0.0006327937141230639,31.98737843567311,0.9800251722335815,2.503962822701237,,,,,,,0.0,,
2,20260813,388.png,RGB_ADD_FULL_B0P1,pre-clipping,0.0010581918154076682,29.754356018448167,0.9755796790122986,3.433784891576173,529200,10085,0,10085,0.019057067271352986,0.0,0.019057067271352986,0.024219462600105844,0.05457965284585953
2,20260813,388.png,RGB_ADD_FULL_B0P1,post-clipping,0.0010442915577408,29.811782329042224,0.9860029220581055,3.373207035342175,529200,10085,0,10085,0.019057067271352986,0.0,0.019057067271352986,0.024219462600105844,0.05457965284585953
2,20260813,388.png,BOSR_FULL_B1,final,0.0010596635526635076,29.748320030518624,0.9776771664619446,3.396836476205023,,,,,,,0.0,,
2,20260813,397.png,RGB_ADD_FULL_B0P1,pre-clipping,0.0013875887832159306,28.577392195010034,0.9782036542892456,3.3043199249789694,529200,10145,20,10165,0.019170445956160242,3.779289493575208e-05,0.019208238851095995,0.0182213320712416,0.05176333338022232
2,20260813,397.png,RGB_ADD_FULL_B0P1,post-clipping,0.0013780300535074894,28.607413107809787,0.9808660745620728,3.2566209547280027,529200,10145,20,10165,0.019170445956160242,3.779289493575208e-05,0.019208238851095995,0.0182213320712416,0.05176333338022232
2,20260813,397.png,BOSR_FULL_B1,final,0.0012987696111866427,28.864678816169878,0.9760988354682922,3.21421232194055,,,,,,,0.0,,
3,20260813,4.png,RGB_ADD_FULL_B0P1,pre-clipping,0.00040080371616540045,33.97068260437604,0.9346430897712708,2.5215364449444198,529200,35530,13842,49372,0.06713907785336357,0.026156462585034013,0.09329554043839758,0.0194986597517171,0.08704806864261627
3,20260813,4.png,RGB_ADD_FULL_B0P1,post-clipping,0.0003293637831496953,34.82324157573599,0.9716066718101501,2.3261596409137044,529200,35530,13842,49372,0.06713907785336357,0.026156462585034013,0.09329554043839758,0.0194986597517171,0.08704806864261627
3,20260813,4.png,BOSR_FULL_B1,final,0.0003226945558619585,34.91208361460224,0.9633417129516602,2.2264906620382585,,,,,,,0.0,,
3,20260813,12.png,RGB_ADD_FULL_B0P1,pre-clipping,0.00013453580069809965,38.71162132191385,0.9755213260650635,0.9654314391439803,529200,15840,0,15840,0.029931972789115645,0.0,0.029931972789115645,0.027953763253456925,0.08892331272363663
3,20260813,12.png,RGB_ADD_FULL_B0P1,post-clipping,9.14942965888614e-05,40.386059773782094,0.9896656274795532,0.8624474801910762,529200,15840,0,15840,0.029931972789115645,0.0,0.029931972789115645,0.027953763253456925,0.08892331272363663
3,20260813,12.png,BOSR_FULL_B1,final,0.00010032188600519006,39.98604311900643,0.9817395210266113,0.881713632231036,,,,,,,0.0,,
3,20260813,14.png,RGB_ADD_FULL_B0P1,pre-clipping,0.00020363704653721075,36.9114321040652,0.9658141732215881,1.6692621476837732,529200,15013,0,15013,0.0283692365835223,0.0,0.0283692365835223,0.04109985886115302,0.09028232097625732
3,20260813,14.png,RGB_ADD_FULL_B0P1,post-clipping,0.00013944443901746067,38.55598800524405,0.9854934811592102,1.5325931972784523,529200,15013,0,15013,0.0283692365835223,0.0,0.0283692365835223,0.04109985886115302,0.09028232097625732
3,20260813,14.png,BOSR_FULL_B1,final,0.00016317912861926924,37.87335390344053,0.9755385518074036,1.6964272660683541,,,,,,,0.0,,
3,20260813,21.png,RGB_ADD_FULL_B0P1,pre-clipping,0.0005708877068227702,32.43449308747596,0.7883920073509216,2.5224159173414313,529200,93188,60,93248,0.17609221466364325,0.00011337868480725624,0.17620559334845048,0.035756405526005945,0.08781760931015015
3,20260813,21.png,RGB_ADD_FULL_B0P1,post-clipping,0.0002689746063730762,35.70288719375355,0.9576418399810791,1.9478097175006768,529200,93188,60,93248,0.17609221466364325,0.00011337868480725624,0.17620559334845048,0.035756405526005945,0.08781760931015015
3,20260813,21.png,BOSR_FULL_B1,final,0.00029190256337372275,35.347620911915854,0.9270283579826355,2.097606339998806,,,,,,,0.0,,
3,20260813,23.png,RGB_ADD_FULL_B0P1,pre-clipping,0.0017229043631753261,27.63738829167162,0.9596643447875977,3.836854677427488,529200,23218,0,23218,0.043873771730914585,0.0,0.043873771730914585,0.027248629292295552,0.08551160991191864
3,20260813,23.png,RGB_ADD_FULL_B0P1,post-clipping,0.0016657724280147589,27.783843306652727,0.9802535772323608,3.7298197038183942,529200,23218,0,23218,0.043873771730914585,0.0,0.043873771730914585,0.027248629292295552,0.08551160991191864
3,20260813,23.png,BOSR_FULL_B1,final,0.001783655318019299,27.486890669694453,0.9723557233810425,3.910441097734582,,,,,,,0.0,,
3,20260813,25.png,RGB_ADD_FULL_B0P1,pre-clipping,0.000818610935474476,30.869224580971743,0.9729050993919373,2.515535458476618,529200,12551,5,12556,0.023716931216931216,9.44822373393802e-06,0.023726379440665156,0.028725466097827328,0.09088493883609772
3,20260813,25.png,RGB_ADD_FULL_B0P1,post-clipping,0.0007847350202780691,31.052769657491904,0.9851292371749878,2.425536520368734,529200,12551,5,12556,0.023716931216931216,9.44822373393802e-06,0.023726379440665156,0.028725466097827328,0.09088493883609772
3,20260813,25.png,BOSR_FULL_B1,final,0.0008089512811478339,30.92077632857165,0.9758738875389099,2.5307216059929964,,,,,,,0.0,,
3,20260813,31.png,RGB_ADD_FULL_B0P1,pre-clipping,0.0013674214572261545,28.640976095450917,0.8579055666923523,3.9523914034026384,529200,108512,0,108512,0.20504913076341647,0.0,0.20504913076341647,0.020766152426668627,0.08896732330322266
3,20260813,31.png,RGB_ADD_FULL_B0P1,post-clipping,0.0011817869188623356,29.274608215126786,0.960972785949707,3.692612427574605,529200,108512,0,108512,0.20504913076341647,0.0,0.20504913076341647,0.020766152426668627,0.08896732330322266
3,20260813,31.png,BOSR_FULL_B1,final,0.0011573291742122433,29.36543098946704,0.9571495652198792,3.5229812641918326,,,,,,,0.0,,
3,20260813,35.png,RGB_ADD_FULL_B0P1,pre-clipping,0.0006092058578632661,32.15235929325718,0.9732230305671692,2.378184845579057,529200,11355,0,11355,0.02145691609977324,0.0,0.02145691609977324,0.043157126387500966,0.089563749730587
3,20260813,35.png,RGB_ADD_FULL_B0P1,post-clipping,0.0005563337393468742,32.546646010912674,0.9878982305526733,2.2742200204700724,529200,11355,0,11355,0.02145691609977324,0.0,0.02145691609977324,0.043157126387500966,0.089563749730587
3,20260813,35.png,BOSR_FULL_B1,final,0.0005632073982113151,32.493316489986725,0.9814373254776001,2.2956062398804815,,,,,,,0.0,,
3,20260813,49.png,RGB_ADD_FULL_B0P1,pre-clipping,0.0013109302285525494,28.824204220863994,0.968431293964386,3.342961188084736,529200,19843,0,19843,0.03749622071050643,0.0,0.03749622071050643,0.02701105258893185,0.090689517557621
3,20260813,49.png,RGB_ADD_FULL_B0P1,post-clipping,0.0012584654143591298,29.00158715403166,0.9850632548332214,3.236484781990793,529200,19843,0,19843,0.03749622071050643,0.0,0.03749622071050643,0.02701105258893185,0.090689517557621
3,20260813,49.png,BOSR_FULL_B1,final,0.001266109939331407,28.97528581860557,0.9777114987373352,3.278517571608183,,,,,,,0.0,,
3,20260813,56.png,RGB_ADD_FULL_B0P1,pre-clipping,0.0006499620333741767,31.871120113227818,0.9738197922706604,2.336678384470347,529200,12497,0,12497,0.023614890400604688,0.0,0.023614890400604688,0.0390241138826384,0.09097100049257278
3,20260813,56.png,RGB_ADD_FULL_B0P1,post-clipping,0.0005985518786691264,32.228982017432905,0.9884387850761414,2.232871131306294,529200,12497,0,12497,0.023614890400604688,0.0,0.023614890400604688,0.0390241138826384,0.09097100049257278
3,20260813,56.png,BOSR_FULL_B1,final,0.0006153093051875484,32.10906517122197,0.982153594493866,2.283915492407669,,,,,,,0.0,,
3,20260813,62.png,RGB_ADD_FULL_B0P1,pre-clipping,0.000942964324991322,30.255047375410257,0.9581639766693115,3.3037189491756553,529200,13569,233,13802,0.025640589569160998,0.0004402872260015117,0.026080876795162508,0.037166907559567836,0.09298622608184814
3,20260813,62.png,RGB_ADD_FULL_B0P1,post-clipping,0.0008890085585628943,30.51094058018823,0.9746520519256592,3.191710627361369,529200,13569,233,13802,0.025640589569160998,0.0004402872260015117,0.026080876795162508,0.037166907559567836,0.09298622608184814
3,20260813,62.png,BOSR_FULL_B1,final,0.0009488085219724292,30.228214232325744,0.9647904634475708,3.2232558495762875,,,,,,,0.0,,
3,20260813,63.png,RGB_ADD_FULL_B0P1,pre-clipping,0.002690312203415424,25.701973183794045,0.9464150667190552,4.9318857145590345,529200,11308,22405,33713,0.021368102796674227,0.04233749055177627,0.0637055933484505,0.022143333180982522,0.08857853710651398
3,20260813,63.png,RGB_ADD_FULL_B0P1,post-clipping,0.002632751475506344,25.795901351629528,0.963343620300293,4.700833749043441,529200,11308,22405,33713,0.021368102796674227,0.04233749055177627,0.0637055933484505,0.022143333180982522,0.08857853710651398
3,20260813,63.png,BOSR_FULL_B1,final,0.002515619457683354,25.993550547719877,0.9573459029197693,4.518485355290049,,,,,,,0.0,,
3,20260813,68.png,RGB_ADD_FULL_B0P1,pre-clipping,0.0017817184857201384,27.491609140794218,0.967290997505188,3.6878177022433145,529200,12498,0,12498,0.023616780045351473,0.0,0.023616780045351473,0.036172801329397396,0.09125296771526337
3,20260813,68.png,RGB_ADD_FULL_B0P1,post-clipping,0.0017372882219351229,27.60128124666265,0.9833864569664001,3.5812225267611013,529200,12498,0,12498,0.023616780045351473,0.0,0.023616780045351473,0.036172801329397396,0.09125296771526337
3,20260813,68.png,BOSR_FULL_B1,final,0.0017191625977122733,27.646830459716316,0.97300785779953,3.647278298091444,,,,,,,0.0,,
3,20260813,70.png,RGB_ADD_FULL_B0P1,pre-clipping,0.0008925621951550428,30.493615118303023,0.9716102480888367,2.6936150337888725,529200,11867,0,11867,0.022424414210128495,0.0,0.022424414210128495,0.03653906722672323,0.09019843488931656
3,20260813,70.png,RGB_ADD_FULL_B0P1,post-clipping,0.0008504980002744906,30.70326703181071,0.9861416816711426,2.590022363154286,529200,11867,0,11867,0.022424414210128495,0.0,0.022424414210128495,0.03653906722672323,0.09019843488931656
3,20260813,70.png,BOSR_FULL_B1,final,0.0008266661518793279,30.82669844340265,0.977962851524353,2.604930864817287,,,,,,,0.0,,
3,20260813,84.png,RGB_ADD_FULL_B0P1,pre-clipping,0.0004068255718647677,33.90591756411248,0.973962664604187,1.8181750323418084,529200,15793,10,15803,0.029843159486016627,1.889644746787604e-05,0.029862055933484503,0.027575416351903196,0.0872718021273613
3,20260813,84.png,RGB_ADD_FULL_B0P1,post-clipping,0.00036572825031461247,34.368414917213364,0.9888530969619751,1.7130118956014857,529200,15793,10,15803,0.029843159486016627,1.889644746787604e-05,0.029862055933484503,0.027575416351903196,0.0872718021273613
3,20260813,84.png,BOSR_FULL_B1,final,0.00034712399145419545,34.595153690537536,0.9805102944374084,1.6607364445598005,,,,,,,0.0,,
3,20260813,86.png,RGB_ADD_FULL_B0P1,pre-clipping,0.0007311679471500282,31.359828554046786,0.9360094666481018,2.825114510675751,529200,33370,105,33475,0.06305744520030235,0.0001984126984126984,0.06325585789871505,0.028983283680363382,0.08862537145614624
3,20260813,86.png,RGB_ADD_FULL_B0P1,post-clipping,0.0006504163435091513,31.868085544271164,0.979203462600708,2.624520774221307,529200,33370,105,33475,0.06305744520030235,0.0001984126984126984,0.06325585789871505,0.028983283680363382,0.08862537145614624
3,20260813,86.png,BOSR_FULL_B1,final,0.0007154866669130726,31.45398454902153,0.9673386812210083,2.6790813044771427,,,,,,,0.0,,
3,20260813,96.png,RGB_ADD_FULL_B0P1,pre-clipping,0.0005734520038036748,32.415029253747484,0.9728842377662659,2.1697226220202905,529200,15853,2,15855,0.029956538170823884,3.7792894935752077e-06,0.02996031746031746,0.03337814394079707,0.09199788421392441
3,20260813,96.png,RGB_ADD_FULL_B0P1,post-clipping,0.0005189322769872589,32.848893158506364,0.9892160892486572,2.0608897595224893,529200,15853,2,15855,0.029956538170823884,3.7792894935752077e-06,0.02996031746031746,0.03337814394079707,0.09199788421392441
3,20260813,96.png,BOSR_FULL_B1,final,0.0005385967249096783,32.68736291767395,0.9825159311294556,2.135741875050483,,,,,,,0.0,,
3,20260813,107.png,RGB_ADD_FULL_B0P1,pre-clipping,0.00032695913163550576,34.85506528729326,0.9722758531570435,1.8012801590733576,529200,16170,27,16197,0.030555555555555555,5.102040816326531e-05,0.03060657596371882,0.02706079889310426,0.08938329666852951
3,20260813,107.png,RGB_ADD_FULL_B0P1,post-clipping,0.0002851478258932575,35.4492993534018,0.986646831035614,1.695776061379744,529200,16170,27,16197,0.030555555555555555,5.102040816326531e-05,0.03060657596371882,0.02706079889310426,0.08938329666852951
3,20260813,107.png,BOSR_FULL_B1,final,0.000306783265381332,35.13168334262704,0.9791302680969238,1.6944578340097243,,,,,,,0.0,,
3,20260813,118.png,RGB_ADD_FULL_B0P1,pre-clipping,0.002567344668291177,25.905158229963973,0.9676242470741272,4.042276265139226,529200,13794,157,13951,0.02606575963718821,0.0002966742252456538,0.02636243386243386,0.025284639688479736,0.08740899711847305
3,20260813,118.png,RGB_ADD_FULL_B0P1,post-clipping,0.0025359365967631197,25.958616088424073,0.9799825549125671,3.952957567134701,529200,13794,157,13951,0.02606575963718821,0.0002966742252456538,0.02636243386243386,0.025284639688479736,0.08740899711847305
3,20260813,118.png,BOSR_FULL_B1,final,0.0025376431865039204,25.955694433234182,0.9704550504684448,3.945352745062245,,,,,,,0.0,,
3,20260813,119.png,RGB_ADD_FULL_B0P1,pre-clipping,0.000281233639686049,35.509327325276345,0.9748469591140747,1.5501878502318363,529200,12158,2,12160,0.022974300831443688,3.7792894935752077e-06,0.022978080120937265,0.038406910864621654,0.09064450860023499
3,20260813,119.png,RGB_ADD_FULL_B0P1,post-clipping,0.00023336498635676697,36.319643041293276,0.9898072481155396,1.4455000819509545,529200,12158,2,12160,0.022974300831443688,3.7792894935752077e-06,0.022978080120937265,0.038406910864621654,0.09064450860023499
3,20260813,119.png,BOSR_FULL_B1,final,0.00025334578275828867,35.962863206610464,0.982737123966217,1.5145507875063944,,,,,,,0.0,,
3,20260813,124.png,RGB_ADD_FULL_B0P1,pre-clipping,0.00032457620194547047,34.8868332598437,0.9644431471824646,1.8140270915861976,529200,43254,7629,50883,0.08173469387755102,0.01441609977324263,0.09615079365079365,0.013837881569573048,0.08714492619037628
3,20260813,124.png,RGB_ADD_FULL_B0P1,post-clipping,0.0002704926733354527,35.67844493858989,0.9868376851081848,1.6843623078139542,529200,43254,7629,50883,0.08173469387755102,0.01441609977324263,0.09615079365079365,0.013837881569573048,0.08714492619037628
3,20260813,124.png,BOSR_FULL_B1,final,0.0002600163248891714,35.849993843879645,0.9792747497558594,1.5704825262032722,,,,,,,0.0,,
3,20260813,128.png,RGB_ADD_FULL_B0P1,pre-clipping,0.0005175404395090306,32.860557096981935,0.9744141101837158,1.9990118315114236,529200,13644,0,13644,0.025782312925170067,0.0,0.025782312925170067,0.031175509451785335,0.0879618227481842
3,20260813,128.png,RGB_ADD_FULL_B0P1,post-clipping,0.0004747760965133575,33.23511154531414,0.9872228503227234,1.8996025638654255,529200,13644,0,13644,0.025782312925170067,0.0,0.025782312925170067,0.031175509451785335,0.0879618227481842
3,20260813,128.png,BOSR_FULL_B1,final,0.0004650489390276216,33.325013420965284,0.9799360632896423,1.8829073680762858,,,,,,,0.0,,
3,20260813,136.png,RGB_ADD_FULL_B0P1,pre-clipping,0.002437151934800618,26.131173955634488,0.9680032134056091,4.737522613114573,529200,10601,165,10766,0.02003212396069539,0.00031179138321995464,0.020343915343915345,0.03605910469539996,0.08881694823503494
3,20260813,136.png,RGB_ADD_FULL_B0P1,post-clipping,0.0023976992490622713,26.202052927401024,0.9789820909500122,4.643828066330994,529200,10601,165,10766,0.02003212396069539,0.00031179138321995464,0.020343915343915345,0.03605910469539996,0.08881694823503494
3,20260813,136.png,BOSR_FULL_B1,final,0.002457393964492076,26.0952521271434,0.9715564250946045,4.716972156699134,,,,,,,0.0,,
3,20260813,137.png,RGB_ADD_FULL_B0P1,pre-clipping,0.000730451612213803,31.364085480316174,0.9665869474411011,2.4622041825608383,529200,31689,277,31966,0.05988095238095238,0.0005234315948601663,0.06040438397581255,0.02048641780008139,0.09028954058885574
3,20260813,137.png,RGB_ADD_FULL_B0P1,post-clipping,0.0006779681372224871,31.68790716389011,0.9875046014785767,2.3370437962287163,529200,31689,277,31966,0.05988095238095238,0.0005234315948601663,0.06040438397581255,0.02048641780008139,0.09028954058885574
3,20260813,137.png,BOSR_FULL_B1,final,0.0006750718728321479,31.70649986705696,0.9792240858078003,2.4040198018104837,,,,,,,0.0,,
3,20260813,141.png,RGB_ADD_FULL_B0P1,pre-clipping,0.0004414462605363103,33.55122157710546,0.9100359678268433,2.491242099819495,529200,40222,106,40328,0.076005291005291,0.000200302343159486,0.07620559334845049,0.034440227813534306,0.08893799781799316
3,20260813,141.png,RGB_ADD_FULL_B0P1,post-clipping,0.00030491361540463364,35.15823182512023,0.9611324667930603,2.2178274177059905,529200,40222,106,40328,0.076005291005291,0.000200302343159486,0.07620559334845049,0.034440227813534306,0.08893799781799316
3,20260813,141.png,BOSR_FULL_B1,final,0.00032375278849836134,34.89786482295292,0.943580150604248,2.2349671193964866,,,,,,,0.0,,
3,20260813,149.png,RGB_ADD_FULL_B0P1,pre-clipping,0.0008390742391012617,30.761996122277363,0.9622597694396973,2.8578299614913054,529200,34037,0,34037,0.06431783824640967,0.0,0.06431783824640967,0.018939029849895848,0.08522316068410873
3,20260813,149.png,RGB_ADD_FULL_B0P1,post-clipping,0.000782864629367654,31.06313328365179,0.9826911091804504,2.7593504225687875,529200,34037,0,34037,0.06431783824640967,0.0,0.06431783824640967,0.018939029849895848,0.08522316068410873
3,20260813,149.png,BOSR_FULL_B1,final,0.0008312019790785966,30.80293431401444,0.9735854864120483,2.996723470811611,,,,,,,0.0,,
3,20260813,154.png,RGB_ADD_FULL_B0P1,pre-clipping,0.0009755738812700145,30.107398354310316,0.9738373756408691,2.8335765913961772,529200,10702,48676,59378,0.020222978080120937,0.09198034769463341,0.11220332577475435,0.0110293592508481,0.08932288736104965
3,20260813,154.png,RGB_ADD_FULL_B0P1,post-clipping,0.0009141079873374039,30.39002496241556,0.9850565195083618,2.700159741576389,529200,10702,48676,59378,0.020222978080120937,0.09198034769463341,0.11220332577475435,0.0110293592508481,0.08932288736104965
3,20260813,154.png,BOSR_FULL_B1,final,0.0009265621209447157,30.33125458288861,0.9765430092811584,2.908237928772468,,,,,,,0.0,,
3,20260813,157.png,RGB_ADD_FULL_B0P1,pre-clipping,0.0009472876973093101,30.2351810296228,0.9721969366073608,2.971133795401478,529200,12334,4,12338,0.023306878306878307,7.558578987150415e-06,0.023314436885865458,0.03667017664254429,0.08939401060342789
3,20260813,157.png,RGB_ADD_FULL_B0P1,post-clipping,0.0009001633799908043,30.456786587952443,0.9852797985076904,2.867175408470052,529200,12334,4,12338,0.023306878306878307,7.558578987150415e-06,0.023314436885865458,0.03667017664254429,0.08939401060342789
3,20260813,157.png,BOSR_FULL_B1,final,0.0009095402214816565,30.41178090903632,0.9779578447341919,2.875089997802318,,,,,,,0.0,,
3,20260813,163.png,RGB_ADD_FULL_B0P1,pre-clipping,0.001856055264909992,27.314090966041586,0.9714048504829407,3.4247415795171943,529200,22293,0,22293,0.04212585034013606,0.0,0.04212585034013606,0.017460997236417967,0.08378713577985764
3,20260813,163.png,RGB_ADD_FULL_B0P1,post-clipping,0.0018251194807267516,27.387086993599382,0.9859164953231812,3.328285551230629,529200,22293,0,22293,0.04212585034013606,0.0,0.04212585034013606,0.017460997236417967,0.08378713577985764
3,20260813,163.png,BOSR_FULL_B1,final,0.0018467601178673043,27.33589512925954,0.9755895733833313,3.354561431201459,,,,,,,0.0,,
3,20260813,173.png,RGB_ADD_FULL_B0P1,pre-clipping,0.00020990262111688442,36.779821382184956,0.9769956469535828,1.2807550901057867,529200,15388,17597,32985,0.02907785336356765,0.03325207860922147,0.06232993197278912,0.012739195089477295,0.08566958457231522
3,20260813,173.png,RGB_ADD_FULL_B0P1,post-clipping,0.00017675707120741983,37.52623203132566,0.9862632155418396,1.2071871197086093,529200,15388,17597,32985,0.02907785336356765,0.03325207860922147,0.06232993197278912,0.012739195089477295,0.08566958457231522
3,20260813,173.png,BOSR_FULL_B1,final,0.00017496726494204705,37.57043196941508,0.9787508249282837,1.2019453481267237,,,,,,,0.0,,
3,20260813,179.png,RGB_ADD_FULL_B0P1,pre-clipping,0.00028789323418764866,35.407685414070755,0.9495390057563782,1.6981198927011416,529200,49008,0,49008,0.0926077097505669,0.0,0.0926077097505669,0.019334962669943043,0.08661267906427383
3,20260813,179.png,RGB_ADD_FULL_B0P1,post-clipping,0.00021508368275095853,36.673925359631596,0.9887245893478394,1.5316893173047508,529200,49008,0,49008,0.0926077097505669,0.0,0.0926077097505669,0.019334962669943043,0.08661267906427383
3,20260813,179.png,BOSR_FULL_B1,final,0.00022539959508934612,36.47046868461254,0.9800393581390381,1.5098752890360245,,,,,,,0.0,,
3,20260813,186.png,RGB_ADD_FULL_B0P1,pre-clipping,0.002165850834635546,26.643714571868887,0.9233832955360413,4.167877556869124,529200,40535,9,40544,0.07659674981103552,1.7006802721088435e-05,0.07661375661375662,0.02518904691811723,0.08529093116521835
3,20260813,186.png,RGB_ADD_FULL_B0P1,post-clipping,0.002086006788188139,26.806842826458954,0.9689475893974304,3.988438449140891,529200,40535,9,40544,0.07659674981103552,1.7006802721088435e-05,0.07661375661375662,0.02518904691811723,0.08529093116521835
3,20260813,186.png,BOSR_FULL_B1,final,0.002132134524106807,26.711853975656492,0.9592183232307434,4.001377510567879,,,,,,,0.0,,
3,20260813,195.png,RGB_ADD_FULL_B0P1,pre-clipping,0.00018960558476815116,37.22148874812983,0.9686087965965271,1.2849073407056122,529200,25562,8,25570,0.048303099017384735,1.511715797430083e-05,0.04831821617535903,0.022852598207077336,0.09027688950300217
3,20260813,195.png,RGB_ADD_FULL_B0P1,post-clipping,0.00013898918271000978,38.57018998826204,0.9888092279434204,1.159637775208012,529200,25562,8,25570,0.048303099017384735,1.511715797430083e-05,0.04831821617535903,0.022852598207077336,0.09027688950300217
3,20260813,195.png,BOSR_FULL_B1,final,0.00014597980560440918,38.357072190181086,0.9808710217475891,1.1385601091370285,,,,,,,0.0,,
3,20260813,196.png,RGB_ADD_FULL_B0P1,pre-clipping,0.00020901817306613596,36.79815952552929,0.9732786417007446,1.4302231024910186,529200,28822,514,29336,0.05446334089191232,0.0009712773998488284,0.05543461829176115,0.015126845208818615,0.08995767682790756
3,20260813,196.png,RGB_ADD_FULL_B0P1,post-clipping,0.00017165994969854472,37.65331019072236,0.987704336643219,1.3214822908246526,529200,28822,514,29336,0.05446334089191232,0.0009712773998488284,0.05543461829176115,0.015126845208818615,0.08995767682790756
3,20260813,196.png,BOSR_FULL_B1,final,0.0001687197103569362,37.72834178826253,0.9801520109176636,1.2221758936050486,,,,,,,0.0,,
3,20260813,202.png,RGB_ADD_FULL_B0P1,pre-clipping,0.001988106180644438,27.015604245480993,0.9621914625167847,3.911233201309847,529200,32572,0,32572,0.061549508692365834,0.0,0.061549508692365834,0.01867708880810049,0.08757077902555466
3,20260813,202.png,RGB_ADD_FULL_B0P1,post-clipping,0.001935397466771094,27.132298317307388,0.981652021408081,3.7994512374759113,529200,32572,0,32572,0.061549508692365834,0.0,0.061549508692365834,0.01867708880810049,0.08757077902555466
3,20260813,202.png,BOSR_FULL_B1,final,0.0019241646440598327,27.15757769643631,0.9724602103233337,3.8840103312968863,,,,,,,0.0,,
3,20260813,203.png,RGB_ADD_FULL_B0P1,pre-clipping,0.0007314076295724313,31.358405136945507,0.9573974013328552,2.684426120014038,529200,22831,0,22831,0.043142479213907785,0.0,0.043142479213907785,0.031362230289745614,0.08853159844875336
3,20260813,203.png,RGB_ADD_FULL_B0P1,post-clipping,0.0006689621384825242,31.745984614749638,0.9861757159233093,2.5417774517220884,529200,22831,0,22831,0.043142479213907785,0.0,0.043142479213907785,0.031362230289745614,0.08853159844875336
3,20260813,203.png,BOSR_FULL_B1,final,0.0006183025321777787,32.08798974900794,0.9779200553894043,2.4456484721025804,,,,,,,0.0,,
3,20260813,205.png,RGB_ADD_FULL_B0P1,pre-clipping,0.002885284944633163,25.398112903865886,0.9441162347793579,4.566853104252982,529200,24025,2,24027,0.04539871504157218,3.7792894935752077e-06,0.04540249433106576,0.03239981820085764,0.08898954838514328
3,20260813,205.png,RGB_ADD_FULL_B0P1,post-clipping,0.0028183764450233576,25.500009994887236,0.9809066653251648,4.426503054897655,529200,24025,2,24027,0.04539871504157218,3.7792894935752077e-06,0.04540249433106576,0.03239981820085764,0.08898954838514328
3,20260813,205.png,BOSR_FULL_B1,final,0.002856369084145513,25.44185676149596,0.9712283611297607,4.516513967717421,,,,,,,0.0,,
3,20260813,209.png,RGB_ADD_FULL_B0P1,pre-clipping,0.0008621013224459858,30.64441688707527,0.9615130424499512,2.6538389980422434,529200,20225,0,20225,0.03821806500377929,0.0,0.03821806500377929,0.03064620231140816,0.0892026349902153
3,20260813,209.png,RGB_ADD_FULL_B0P1,post-clipping,0.0008077972659634676,30.926976210583167,0.9868539571762085,2.522571885390746,529200,20225,0,20225,0.03821806500377929,0.0,0.03821806500377929,0.03064620231140816,0.0892026349902153
3,20260813,209.png,BOSR_FULL_B1,final,0.0008157898227326996,30.884217169627824,0.9773305654525757,2.5758707388934914,,,,,,,0.0,,
3,20260813,213.png,RGB_ADD_FULL_B0P1,pre-clipping,0.0013397446630387937,28.729779643216098,0.9569814205169678,3.4371391048406252,529200,44576,0,44576,0.08423280423280423,0.0,0.08423280423280423,0.01646620569388783,0.09076952934265137
3,20260813,213.png,RGB_ADD_FULL_B0P1,post-clipping,0.0012834888917769385,28.91607885668701,0.9815438985824585,3.336020775411126,529200,44576,0,44576,0.08423280423280423,0.0,0.08423280423280423,0.01646620569388783,0.09076952934265137
3,20260813,213.png,BOSR_FULL_B1,final,0.0013092190721138537,28.829876767115174,0.9731903076171875,3.4689582618284986,,,,,,,0.0,,
3,20260813,217.png,RGB_ADD_FULL_B0P1,pre-clipping,0.0018010406709830533,27.44476479860046,0.9656549096107483,3.774851605334976,529200,12776,0,12776,0.024142101284958428,0.0,0.024142101284958428,0.03957853716561537,0.09150326997041702
3,20260813,217.png,RGB_ADD_FULL_B0P1,post-clipping,0.00174912112607319,27.571801147273035,0.98350989818573,3.661260304906644,529200,12776,0,12776,0.024142101284958428,0.0,0.024142101284958428,0.03957853716561537,0.09150326997041702
3,20260813,217.png,BOSR_FULL_B1,final,0.0017531709426665586,27.56175736024096,0.9749251008033752,3.6708808429116995,,,,,,,0.0,,
3,20260813,219.png,RGB_ADD_FULL_B0P1,pre-clipping,0.0009461477523267595,30.24041038006626,0.9684013724327087,3.0402988020595703,529200,13910,0,13910,0.026284958427815572,0.0,0.026284958427815572,0.036096919160295796,0.09158392250537872
3,20260813,219.png,RGB_ADD_FULL_B0P1,post-clipping,0.0008959487776196308,30.47716818722958,0.9854337573051453,2.930217535265228,529200,13910,0,13910,0.026284958427815572,0.0,0.026284958427815572,0.036096919160295796,0.09158392250537872
3,20260813,219.png,BOSR_FULL_B1,final,0.000933547618575932,30.298635245736953,0.9768990278244019,2.982395140349377,,,,,,,0.0,,
3,20260813,241.png,RGB_ADD_FULL_B0P1,pre-clipping,0.00019809400865152625,37.03128659488862,0.9650787711143494,1.3834715454944129,529200,23947,0,23947,0.04525132275132275,0.0,0.04525132275132275,0.02897212163079907,0.08367753028869629
3,20260813,241.png,RGB_ADD_FULL_B0P1,post-clipping,0.00013729603604242484,38.623420013630465,0.9902162551879883,1.2689242844916508,529200,23947,0,23947,0.04525132275132275,0.0,0.04525132275132275,0.02897212163079907,0.08367753028869629
3,20260813,241.png,BOSR_FULL_B1,final,0.00015037730066497966,38.228177152067985,0.9831498265266418,1.311111841518302,,,,,,,0.0,,
3,20260813,246.png,RGB_ADD_FULL_B0P1,pre-clipping,0.0005482735605434997,32.61002696642362,0.9721816182136536,2.0870847615475667,529200,21332,2,21334,0.04030990173847317,3.7792894935752077e-06,0.040313681027966744,0.02372147389245732,0.08729755878448486
3,20260813,246.png,RGB_ADD_FULL_B0P1,post-clipping,0.0004994329010262264,33.015228511246775,0.989220142364502,1.978713962806029,529200,21332,2,21334,0.04030990173847317,3.7792894935752077e-06,0.040313681027966744,0.02372147389245732,0.08729755878448486
3,20260813,246.png,BOSR_FULL_B1,final,0.00047774056762018755,33.208078787804176,0.9812331199645996,1.9702958475698082,,,,,,,0.0,,
3,20260813,255.png,RGB_ADD_FULL_B0P1,pre-clipping,0.0010940184017595948,29.609753729610553,0.966393232345581,3.142387201462076,529200,15066,0,15066,0.028469387755102042,0.0,0.028469387755102042,0.03460154154067999,0.08930014818906784
3,20260813,255.png,RGB_ADD_FULL_B0P1,post-clipping,0.0010429914530453133,29.81719250452152,0.9854443073272705,3.0251222597557326,529200,15066,0,15066,0.028469387755102042,0.0,0.028469387755102042,0.03460154154067999,0.08930014818906784
3,20260813,255.png,BOSR_FULL_B1,final,0.00107225303665455,29.69702715151424,0.9750609397888184,3.07771656265067,,,,,,,0.0,,
3,20260813,268.png,RGB_ADD_FULL_B0P1,pre-clipping,0.00085655907704912,30.672426782890824,0.968142569065094,2.90718740064121,529200,19424,0,19424,0.03670445956160242,0.0,0.03670445956160242,0.027803346661776463,0.09157451242208481
3,20260813,268.png,RGB_ADD_FULL_B0P1,post-clipping,0.0008030504342630487,30.95257178713442,0.9835509657859802,2.8047414180043573,529200,19424,0,19424,0.03670445956160242,0.0,0.03670445956160242,0.027803346661776463,0.09157451242208481
3,20260813,268.png,BOSR_FULL_B1,final,0.0008288686267349316,30.815142984067236,0.9763997793197632,2.8776523872112625,,,,,,,0.0,,
3,20260813,269.png,RGB_ADD_FULL_B0P1,pre-clipping,0.00020854172978346754,36.80807028453595,0.9759016036987305,1.2738023383277253,529200,12045,0,12045,0.022760770975056688,0.0,0.022760770975056688,0.03600495494448602,0.0908774584531784
3,20260813,269.png,RGB_ADD_FULL_B0P1,post-clipping,0.00016568697470067977,37.8071163182186,0.9896944761276245,1.1693052914667095,529200,12045,0,12045,0.022760770975056688,0.0,0.022760770975056688,0.03600495494448602,0.0908774584531784
3,20260813,269.png,BOSR_FULL_B1,final,0.00018023658121394493,37.4415705904499,0.9820666909217834,1.21351714882867,,,,,,,0.0,,
3,20260813,273.png,RGB_ADD_FULL_B0P1,pre-clipping,0.0020537538187267515,26.87451616033856,0.9204375147819519,4.288130466152268,529200,33652,0,33652,0.06359032501889644,0.0,0.06359032501889644,0.03078503343349344,0.08633716404438019
3,20260813,273.png,RGB_ADD_FULL_B0P1,post-clipping,0.0019671986078021917,27.06151791621942,0.9739280343055725,4.138853329832113,529200,33652,0,33652,0.06359032501889644,0.0,0.06359032501889644,0.03078503343349344,0.08633716404438019
3,20260813,273.png,BOSR_FULL_B1,final,0.002008823766040579,26.97058162203127,0.9642174243927002,4.226086227318496,,,,,,,0.0,,
3,20260813,284.png,RGB_ADD_FULL_B0P1,pre-clipping,0.00030494941676463555,35.15772192921603,0.9182456731796265,1.6318458278664172,529200,38953,0,38953,0.07360733182161754,0.0,0.07360733182161754,0.03662649910291213,0.08718006312847137
3,20260813,284.png,RGB_ADD_FULL_B0P1,post-clipping,0.00016978009383050418,37.70113230737269,0.9800224900245667,1.382592385188592,529200,38953,0,38953,0.07360733182161754,0.0,0.07360733182161754,0.03662649910291213,0.08718006312847137
3,20260813,284.png,BOSR_FULL_B1,final,0.00019544054013281403,37.08985345787094,0.9653468728065491,1.4615395210623399,,,,,,,0.0,,
3,20260813,292.png,RGB_ADD_FULL_B0P1,pre-clipping,0.0005126652884346632,32.901660867952614,0.9739657640457153,1.995381426408966,529200,43211,151,43362,0.08165343915343916,0.00028533635676492817,0.08193877551020408,0.01091980382903911,0.0882599875330925
3,20260813,292.png,RGB_ADD_FULL_B0P1,post-clipping,0.00047552526029914164,33.2282640802805,0.9872877597808838,1.8895712181835935,529200,43211,151,43362,0.08165343915343916,0.00028533635676492817,0.08193877551020408,0.01091980382903911,0.0882599875330925
3,20260813,292.png,BOSR_FULL_B1,final,0.0005118413101787877,32.9086466557919,0.9791550636291504,1.8919087078854735,,,,,,,0.0,,
3,20260813,295.png,RGB_ADD_FULL_B0P1,pre-clipping,0.0005843985662946403,32.332908581913514,0.974595844745636,2.1183890745247487,529200,14273,0,14273,0.026970899470899472,0.0,0.026970899470899472,0.030239085220510133,0.08825867623090744
3,20260813,295.png,RGB_ADD_FULL_B0P1,post-clipping,0.000541970506355748,32.66024346811189,0.9877061247825623,2.0248153609908837,529200,14273,0,14273,0.026970899470899472,0.0,0.026970899470899472,0.030239085220510133,0.08825867623090744
3,20260813,295.png,BOSR_FULL_B1,final,0.0005508936637041478,32.58932222787597,0.9809389114379883,2.068496751431079,,,,,,,0.0,,
3,20260813,298.png,RGB_ADD_FULL_B0P1,pre-clipping,0.00017057141450901308,37.68093749025436,0.9757034182548523,1.2001949008195953,529200,13269,15,13284,0.025073696145124717,2.834467120181406e-05,0.02510204081632653,0.03234669847654565,0.09212712198495865
3,20260813,298.png,RGB_ADD_FULL_B0P1,post-clipping,0.00012796370076865733,38.929132084115814,0.9886540770530701,1.0992642181145413,529200,13269,15,13284,0.025073696145124717,2.834467120181406e-05,0.02510204081632653,0.03234669847654565,0.09212712198495865
3,20260813,298.png,BOSR_FULL_B1,final,0.00013730018497952112,38.62328877653768,0.9815869331359863,1.1279826237596466,,,,,,,0.0,,
3,20260813,305.png,RGB_ADD_FULL_B0P1,pre-clipping,0.0015100746992150454,28.210015688296856,0.9738468527793884,3.255627003058481,529200,10642,29,10671,0.02010959939531368,5.4799697656840517e-05,0.020164399092970523,0.03555309203413657,0.08696853369474411
3,20260813,305.png,RGB_ADD_FULL_B0P1,post-clipping,0.00147410912942421,28.314703641347787,0.9862202405929565,3.158532562126954,529200,10642,29,10671,0.02010959939531368,5.4799697656840517e-05,0.020164399092970523,0.03555309203413657,0.08696853369474411
3,20260813,305.png,BOSR_FULL_B1,final,0.001504886449495488,28.224962683212848,0.9783675670623779,3.2249943043325993,,,,,,,0.0,,
3,20260813,315.png,RGB_ADD_FULL_B0P1,pre-clipping,0.00022122844166360954,36.551590398288106,0.9688064455986023,1.3631641286900478,529200,38606,355,38961,0.07295162509448223,0.0006708238851095994,0.07362244897959183,0.015729667274207982,0.0896129235625267
3,20260813,315.png,RGB_ADD_FULL_B0P1,post-clipping,0.0001746690119724167,37.57784136362802,0.9868345856666565,1.238922865249392,529200,38606,355,38961,0.07295162509448223,0.0006708238851095994,0.07362244897959183,0.015729667274207982,0.0896129235625267
3,20260813,315.png,BOSR_FULL_B1,final,0.00018048125187250874,37.435679052885234,0.9794638752937317,1.2470430572832023,,,,,,,0.0,,
3,20260813,318.png,RGB_ADD_FULL_B0P1,pre-clipping,0.00016128685175446352,37.924010352348915,0.9747939705848694,1.1152349653202516,529200,12152,0,12152,0.022962962962962963,0.0,0.022962962962962963,0.04241578532936015,0.08972792327404022
3,20260813,318.png,RGB_ADD_FULL_B0P1,post-clipping,0.00010606121655245156,39.74443395707117,0.9903689622879028,1.0086575385361432,529200,12152,0,12152,0.022962962962962963,0.0,0.022962962962962963,0.04241578532936015,0.08972792327404022
3,20260813,318.png,BOSR_FULL_B1,final,0.00011044589012896769,39.56850440295214,0.9850256443023682,1.0174240300972366,,,,,,,0.0,,
3,20260813,321.png,RGB_ADD_FULL_B0P1,pre-clipping,0.0009020349761790167,30.447766224724177,0.8999726176261902,3.0870895269774787,529200,46649,0,46649,0.08815003779289493,0.0,0.08815003779289493,0.03162422329365601,0.08659476041793823
3,20260813,321.png,RGB_ADD_FULL_B0P1,post-clipping,0.0007732762415335918,31.116653330643768,0.9712183475494385,2.9278846143156962,529200,46649,0,46649,0.08815003779289493,0.0,0.08815003779289493,0.03162422329365601,0.08659476041793823
3,20260813,321.png,BOSR_FULL_B1,final,0.0008661363628660627,30.62413728100261,0.9642988443374634,3.072561183285757,,,,,,,0.0,,
3,20260813,324.png,RGB_ADD_FULL_B0P1,pre-clipping,0.00016288769726028243,37.88111716266952,0.9759456515312195,1.123514162673817,529200,15526,78,15604,0.029338624338624338,0.00014739229024943312,0.029486016628873773,0.028545438854511627,0.08730527758598328
3,20260813,324.png,RGB_ADD_FULL_B0P1,post-clipping,0.00012031931484269448,39.19664649831591,0.9898694753646851,1.0166396844426613,529200,15526,78,15604,0.029338624338624338,0.00014739229024943312,0.029486016628873773,0.028545438854511627,0.08730527758598328
3,20260813,324.png,BOSR_FULL_B1,final,0.00012641915853767012,38.981871047190836,0.9824941158294678,1.0365499085201608,,,,,,,0.0,,
3,20260813,325.png,RGB_ADD_FULL_B0P1,pre-clipping,0.0002355186123115287,36.27974766221761,0.9737427234649658,1.5666666460588798,529200,13234,0,13234,0.02500755857898715,0.0,0.02500755857898715,0.03862880680194319,0.09020359069108963
3,20260813,325.png,RGB_ADD_FULL_B0P1,post-clipping,0.0001832692206847565,37.36910466893728,0.9898998737335205,1.455994837925101,529200,13234,0,13234,0.02500755857898715,0.0,0.02500755857898715,0.03862880680194319,0.09020359069108963
3,20260813,325.png,BOSR_FULL_B1,final,0.00018534071864188814,37.32029157374033,0.983012318611145,1.4819349525196004,,,,,,,0.0,,
3,20260813,328.png,RGB_ADD_FULL_B0P1,pre-clipping,0.00019025959452795773,37.20653433135668,0.9700744152069092,1.4102249727368974,529200,14809,0,14809,0.027983749055177625,0.0,0.027983749055177625,0.03817920226098003,0.09115465730428696
3,20260813,328.png,RGB_ADD_FULL_B0P1,post-clipping,0.00013303157374285973,38.76045271251502,0.9889904856681824,1.296997418068956,529200,14809,0,14809,0.027983749055177625,0.0,0.027983749055177625,0.03817920226098003,0.09115465730428696
3,20260813,328.png,BOSR_FULL_B1,final,0.00014978375372791316,38.24535289767066,0.981105387210846,1.3703752770374769,,,,,,,0.0,,
3,20260813,330.png,RGB_ADD_FULL_B0P1,pre-clipping,0.0004144946971011872,33.82481021288435,0.9686665534973145,1.8120179006326675,529200,26371,17,26388,0.0498318216175359,3.2123960695389265e-05,0.049863945578231296,0.023667515507219704,0.08929022401571274
3,20260813,330.png,RGB_ADD_FULL_B0P1,post-clipping,0.0003596112166847867,34.44166770586373,0.9886665344238281,1.6922797815975024,529200,26371,17,26388,0.0498318216175359,3.2123960695389265e-05,0.049863945578231296,0.023667515507219704,0.08929022401571274
3,20260813,330.png,BOSR_FULL_B1,final,0.0003675634341980926,34.346676994509664,0.9821704030036926,1.7654078816063095,,,,,,,0.0,,
3,20260813,335.png,RGB_ADD_FULL_B0P1,pre-clipping,0.00024091751158492722,36.18131631266508,0.9734743237495422,1.5886680173280412,529200,52042,0,52042,0.09834089191232048,0.0,0.09834089191232048,0.011338116412934243,0.08562493324279785
3,20260813,335.png,RGB_ADD_FULL_B0P1,post-clipping,0.0001945808712951464,37.10899856253143,0.9883637428283691,1.4692871067122024,529200,52042,0,52042,0.09834089191232048,0.0,0.09834089191232048,0.011338116412934243,0.08562493324279785
3,20260813,335.png,BOSR_FULL_B1,final,0.00020669022005930874,36.846800723555866,0.9798673987388611,1.5251718082631873,,,,,,,0.0,,
3,20260813,339.png,RGB_ADD_FULL_B0P1,pre-clipping,0.0001877218045542821,37.264852796023085,0.9729421734809875,1.30718570420915,529200,28667,0,28667,0.05417044595616024,0.0,0.05417044595616024,0.02032556456280483,0.08779036998748779
3,20260813,339.png,RGB_ADD_FULL_B0P1,post-clipping,0.00013601708474039734,38.66406537641042,0.9899834990501404,1.1843655243446536,529200,28667,0,28667,0.05417044595616024,0.0,0.05417044595616024,0.02032556456280483,0.08779036998748779
3,20260813,339.png,BOSR_FULL_B1,final,0.0001471731673927185,38.321713633376724,0.9826321601867676,1.2127450030727114,,,,,,,0.0,,
3,20260813,341.png,RGB_ADD_FULL_B0P1,pre-clipping,0.0008925574806763574,30.493638057628672,0.9709476232528687,2.7946217256170667,529200,11748,0,11748,0.02219954648526077,0.0,0.02219954648526077,0.04418506222672733,0.091131292283535
3,20260813,341.png,RGB_ADD_FULL_B0P1,post-clipping,0.0008376281636337705,30.769487287681976,0.9868689775466919,2.6872518388339537,529200,11748,0,11748,0.02219954648526077,0.0,0.02219954648526077,0.04418506222672733,0.091131292283535
3,20260813,341.png,BOSR_FULL_B1,final,0.0009069022196419234,30.424395351660785,0.9811387658119202,2.788603984835362,,,,,,,0.0,,
3,20260813,352.png,RGB_ADD_FULL_B0P1,pre-clipping,0.0007843275439011226,31.0550253323137,0.9726302623748779,2.5661963028489163,529200,12457,498,12955,0.023539304610733183,0.0009410430839002267,0.02448034769463341,0.03143119484071743,0.08606968075037003
3,20260813,352.png,RGB_ADD_FULL_B0P1,post-clipping,0.0007459991686847301,31.27261656489577,0.9859296083450317,2.4715259689342406,529200,12457,498,12955,0.023539304610733183,0.0009410430839002267,0.02448034769463341,0.03143119484071743,0.08606968075037003
3,20260813,352.png,BOSR_FULL_B1,final,0.0007778036444774486,31.09130026253181,0.9781672954559326,2.529099471411724,,,,,,,0.0,,
3,20260813,354.png,RGB_ADD_FULL_B0P1,pre-clipping,0.0004897699128168786,33.10007897649339,0.9738496541976929,2.0166635508722233,529200,11853,0,11853,0.02239795918367347,0.0,0.02239795918367347,0.04438397164172501,0.09274126589298248
3,20260813,354.png,RGB_ADD_FULL_B0P1,post-clipping,0.0004332840995812018,33.63227248170446,0.9897333383560181,1.9083733987812992,529200,11853,0,11853,0.02239795918367347,0.0,0.02239795918367347,0.04438397164172501,0.09274126589298248
3,20260813,354.png,BOSR_FULL_B1,final,0.0004751576263900373,33.23162295816247,0.9841293096542358,1.9889443315350779,,,,,,,0.0,,
3,20260813,355.png,RGB_ADD_FULL_B0P1,pre-clipping,0.0008091603438390638,30.91965409729568,0.970047116279602,2.6482984394043663,529200,12119,0,12119,0.022900604686318972,0.0,0.022900604686318972,0.04346996499152011,0.09039266407489777
3,20260813,355.png,RGB_ADD_FULL_B0P1,post-clipping,0.0007540747709037924,31.225855891687573,0.9866575002670288,2.5371811408216254,529200,12119,0,12119,0.022900604686318972,0.0,0.022900604686318972,0.04346996499152011,0.09039266407489777
3,20260813,355.png,BOSR_FULL_B1,final,0.0008287478557728533,30.815775822399274,0.9801772236824036,2.6407819687453786,,,,,,,0.0,,
3,20260813,362.png,RGB_ADD_FULL_B0P1,pre-clipping,0.00020994982577179328,36.77884481427947,0.9752727150917053,1.2769248561447253,529200,20402,3,20405,0.038552532123960696,5.668934240362812e-06,0.038558201058201055,0.023518614602809546,0.086703360080719
3,20260813,362.png,RGB_ADD_FULL_B0P1,post-clipping,0.0001649221282474687,37.82721069455399,0.9895322322845459,1.1709917274068382,529200,20402,3,20405,0.038552532123960696,5.668934240362812e-06,0.038558201058201055,0.023518614602809546,0.086703360080719
3,20260813,362.png,BOSR_FULL_B1,final,0.00017330817488194226,37.611809512942585,0.9823058247566223,1.1754718142683278,,,,,,,0.0,,
3,20260813,372.png,RGB_ADD_FULL_B0P1,pre-clipping,0.0010264913562144711,29.886447033456673,0.9543337821960449,3.248178477874312,529200,28142,0,28142,0.05317838246409675,0.0,0.05317838246409675,0.02574613038322138,0.08490882068872452
3,20260813,372.png,RGB_ADD_FULL_B0P1,post-clipping,0.0009673123016374337,30.144332891218433,0.9819945693016052,3.0975441996596853,529200,28142,0,28142,0.05317838246409675,0.0,0.05317838246409675,0.02574613038322138,0.08490882068872452
3,20260813,372.png,BOSR_FULL_B1,final,0.0009187558719214135,30.36799872250694,0.9738903045654297,2.996453491944829,,,,,,,0.0,,
3,20260813,375.png,RGB_ADD_FULL_B0P1,pre-clipping,0.00024721407246096187,36.06926811017726,0.9734994173049927,1.5473900528917335,529200,18870,0,18870,0.03565759637188209,0.0,0.03565759637188209,0.027720436945678058,0.09031447023153305
3,20260813,375.png,RGB_ADD_FULL_B0P1,post-clipping,0.00019461565141219153,37.10822235760299,0.9896014928817749,1.439599759220601,529200,18870,0,18870,0.03565759637188209,0.0,0.03565759637188209,0.027720436945678058,0.09031447023153305
3,20260813,375.png,BOSR_FULL_B1,final,0.00020649490133709827,36.85090667244871,0.9825246930122375,1.4658525512945733,,,,,,,0.0,,
3,20260813,381.png,RGB_ADD_FULL_B0P1,pre-clipping,0.00018418714032561895,37.3474069488066,0.9732913374900818,1.3487318038684122,529200,12075,474,12549,0.022817460317460316,0.0008956916099773243,0.023713151927437642,0.04165586119404312,0.09208916872739792
3,20260813,381.png,RGB_ADD_FULL_B0P1,post-clipping,0.0001295559364392632,38.875426822246965,0.9901822805404663,1.2351680746962863,529200,12075,474,12549,0.022817460317460316,0.0008956916099773243,0.023713151927437642,0.04165586119404312,0.09208916872739792
3,20260813,381.png,BOSR_FULL_B1,final,0.0001375798409531311,38.61445196944983,0.9828078746795654,1.2505148923144527,,,,,,,0.0,,
3,20260813,392.png,RGB_ADD_FULL_B0P1,pre-clipping,0.00018213854022195347,37.39598148467823,0.9752018451690674,1.4204350141103355,529200,12844,9,12853,0.024270597127739983,1.7006802721088435e-05,0.024287603930461074,0.03353718421825035,0.08901620656251907
3,20260813,392.png,RGB_ADD_FULL_B0P1,post-clipping,0.00014018166852227721,38.53308775100759,0.9885213971138,1.320226551720693,529200,12844,9,12853,0.024270597127739983,1.7006802721088435e-05,0.024287603930461074,0.03353718421825035,0.08901620656251907
3,20260813,392.png,BOSR_FULL_B1,final,0.00015043152445871658,38.22661143373155,0.9813172221183777,1.380737135486095,,,,,,,0.0,,
3,20260813,394.png,RGB_ADD_FULL_B0P1,pre-clipping,0.0006940661405077958,31.585991418089996,0.9694240689277649,2.64801016112374,529200,17454,0,17454,0.03298185941043084,0.0,0.03298185941043084,0.030086231557435252,0.08989778161048889
3,20260813,394.png,RGB_ADD_FULL_B0P1,post-clipping,0.0006471701435475789,31.88981526611526,0.9867221713066101,2.5365533644627076,529200,17454,0,17454,0.03298185941043084,0.0,0.03298185941043084,0.030086231557435252,0.08989778161048889
3,20260813,394.png,BOSR_FULL_B1,final,0.0006104417311987324,32.14355784670096,0.9780541062355042,2.4958950664234756,,,,,,,0.0,,
3,20260813,395.png,RGB_ADD_FULL_B0P1,pre-clipping,0.0002580506484741959,35.882950452225465,0.9722643494606018,1.7304502489164146,529200,11818,4,11822,0.022331821617535903,7.558578987150415e-06,0.022339380196523054,0.043811056399428346,0.09236609190702438
3,20260813,395.png,RGB_ADD_FULL_B0P1,post-clipping,0.00020166699608509424,36.95365170656507,0.9882782697677612,1.6212773131214158,529200,11818,4,11822,0.022331821617535903,7.558578987150415e-06,0.022339380196523054,0.043811056399428346,0.09236609190702438
3,20260813,395.png,BOSR_FULL_B1,final,0.00022056860296466545,36.564563075333204,0.981672465801239,1.6965435007271223,,,,,,,0.0,,
4,20260813,11.png,RGB_ADD_FULL_B0P1,pre-clipping,0.00047643829680715707,33.21993336560484,0.9736039042472839,2.956039243686989,529200,10395,0,10395,0.019642857142857142,0.0,0.019642857142857142,0.01803253390794367,0.050285454839468
4,20260813,11.png,RGB_ADD_FULL_B0P1,post-clipping,0.0004676256501017646,33.30101675029156,0.978428065776825,2.9108304691480176,529200,10395,0,10395,0.019642857142857142,0.0,0.019642857142857142,0.01803253390794367,0.050285454839468
4,20260813,11.png,BOSR_FULL_B1,final,0.0004651492195761189,33.32407703362414,0.9733954668045044,2.935550130201691,,,,,,,0.0,,
4,20260813,13.png,RGB_ADD_FULL_B0P1,pre-clipping,0.0003091889536634774,35.09776030435126,0.9812141060829163,1.5404216950207665,529200,8686,3,8689,0.01641345427059713,5.668934240362812e-06,0.01641912320483749,0.02007384762260656,0.053770389407873154
4,20260813,13.png,RGB_ADD_FULL_B0P1,post-clipping,0.00030020325282131334,35.22584606314289,0.9831627011299133,1.5006038443993914,529200,8686,3,8689,0.01641345427059713,5.668934240362812e-06,0.01641912320483749,0.02007384762260656,0.053770389407873154
4,20260813,13.png,BOSR_FULL_B1,final,0.0003221657470415346,34.91920636050973,0.9795655608177185,1.567082046177925,,,,,,,0.0,,
4,20260813,16.png,RGB_ADD_FULL_B0P1,pre-clipping,0.0002534373583434876,35.961293668536435,0.9800900816917419,1.569441774237023,529200,24274,9305,33579,0.0458692365835223,0.017583144368858654,0.06345238095238095,0.008223361528534633,0.04421985149383545
4,20260813,16.png,RGB_ADD_FULL_B0P1,post-clipping,0.00024283283516081242,36.14692589569585,0.9830031394958496,1.5084142797675137,529200,24274,9305,33579,0.0458692365835223,0.017583144368858654,0.06345238095238095,0.008223361528534633,0.04421985149383545
4,20260813,16.png,BOSR_FULL_B1,final,0.0002376941545465579,36.239814984543585,0.9787731766700745,1.4585571735629188,,,,,,,0.0,,
4,20260813,20.png,RGB_ADD_FULL_B0P1,pre-clipping,0.0024312476064580427,26.14170808889117,0.9658032655715942,4.511058524180812,529200,13622,833,14455,0.02574074074074074,0.001574074074074074,0.027314814814814816,0.01852207205683104,0.05608633905649185
4,20260813,20.png,RGB_ADD_FULL_B0P1,post-clipping,0.0024171072476051924,26.167040794186633,0.9714134931564331,4.449641860522182,529200,13622,833,14455,0.02574074074074074,0.001574074074074074,0.027314814814814816,0.01852207205683104,0.05608633905649185
4,20260813,20.png,BOSR_FULL_B1,final,0.0024381916641928103,26.129321578523506,0.9656538963317871,4.508641474503172,,,,,,,0.0,,
4,20260813,27.png,RGB_ADD_FULL_B0P1,pre-clipping,0.00024116830313880317,36.17679772305073,0.9788331985473633,1.874846990295658,529200,12120,5,12125,0.02290249433106576,9.44822373393802e-06,0.022911942554799697,0.016944268069958485,0.050879426300525665
4,20260813,27.png,RGB_ADD_FULL_B0P1,post-clipping,0.00023171643569981615,36.35043160510487,0.9822421669960022,1.827209935681006,529200,12120,5,12125,0.02290249433106576,9.44822373393802e-06,0.022911942554799697,0.016944268069958485,0.050879426300525665
4,20260813,27.png,BOSR_FULL_B1,final,0.0002095509681638163,36.78710328305529,0.9778435230255127,1.8111079637487753,,,,,,,0.0,,
4,20260813,29.png,RGB_ADD_FULL_B0P1,pre-clipping,0.002852586929416776,25.447611120663556,0.9523358941078186,5.779542313892667,529200,14765,212,14977,0.027900604686318973,0.000400604686318972,0.028301209372637946,0.0146287629418888,0.05310601741075516
4,20260813,29.png,RGB_ADD_FULL_B0P1,post-clipping,0.0028424011893903364,25.463146237900656,0.9576714634895325,5.732848106994804,529200,14765,212,14977,0.027900604686318973,0.000400604686318972,0.028301209372637946,0.0146287629418888,0.05310601741075516
4,20260813,29.png,BOSR_FULL_B1,final,0.0028182156971317475,25.50025770456912,0.9559006690979004,5.600272813125702,,,,,,,0.0,,
4,20260813,32.png,RGB_ADD_FULL_B0P1,pre-clipping,0.0015662914252739595,28.05127429625899,0.9780285954475403,3.1798706119434317,529200,9233,3599,12832,0.017447089947089947,0.006800831443688587,0.024247921390778533,0.01619430046432972,0.050701506435871124
4,20260813,32.png,RGB_ADD_FULL_B0P1,post-clipping,0.0015539281203697226,28.0856907411218,0.9810584187507629,3.133176244169552,529200,9233,3599,12832,0.017447089947089947,0.006800831443688587,0.024247921390778533,0.01619430046432972,0.050701506435871124
4,20260813,32.png,BOSR_FULL_B1,final,0.0016225613843580857,27.897988640907926,0.9771007299423218,3.2190274695582612,,,,,,,0.0,,
4,20260813,36.png,RGB_ADD_FULL_B0P1,pre-clipping,0.00018469876958121628,37.33535997715514,0.9807212948799133,1.808025614949768,529200,8730,31,8761,0.01649659863945578,5.8578987150415725e-05,0.0165551776266062,0.020160862476247828,0.0545085184276104
4,20260813,36.png,RGB_ADD_FULL_B0P1,post-clipping,0.00017580928024226602,37.54958204053874,0.9840627312660217,1.7637293142474815,529200,8730,31,8761,0.01649659863945578,5.8578987150415725e-05,0.0165551776266062,0.020160862476247828,0.0545085184276104
4,20260813,36.png,BOSR_FULL_B1,final,0.00016978954421954144,37.700890574817606,0.9794705510139465,1.7783819018172549,,,,,,,0.0,,
4,20260813,37.png,RGB_ADD_FULL_B0P1,pre-clipping,0.0016458741617411726,27.8360337261742,0.946729302406311,3.9370563757946773,529200,68489,0,68489,0.1294198790627362,0.0,0.1294198790627362,0.00934484614566445,0.047458548098802567
4,20260813,37.png,RGB_ADD_FULL_B0P1,post-clipping,0.0016249892914045386,27.89149496653871,0.9654929041862488,3.8598572805851306,529200,68489,0,68489,0.1294198790627362,0.0,0.1294198790627362,0.00934484614566445,0.047458548098802567
4,20260813,37.png,BOSR_FULL_B1,final,0.0016442664045223806,27.840278165765007,0.9598211050033569,3.8639452155577345,,,,,,,0.0,,
4,20260813,41.png,RGB_ADD_FULL_B0P1,pre-clipping,0.00025819220030127207,35.88056881423905,0.9813761115074158,1.3958377753462237,529200,16746,105,16851,0.03164399092970521,0.0001984126984126984,0.03184240362811792,0.011571445970423734,0.056856025010347366
4,20260813,41.png,RGB_ADD_FULL_B0P1,post-clipping,0.00024878588500670373,36.041742631998424,0.9833539128303528,1.353183875607765,529200,16746,105,16851,0.03164399092970521,0.0001984126984126984,0.03184240362811792,0.011571445970423734,0.056856025010347366
4,20260813,41.png,BOSR_FULL_B1,final,0.0002590339446909518,35.866433207604175,0.9791711568832397,1.3903604931069549,,,,,,,0.0,,
4,20260813,50.png,RGB_ADD_FULL_B0P1,pre-clipping,0.0001723947860597828,37.63475873196383,0.9743372797966003,1.7892223157638907,529200,8673,32762,41435,0.01638888888888889,0.06190854119425548,0.07829743008314437,0.007185275850871599,0.05288587883114815
4,20260813,50.png,RGB_ADD_FULL_B0P1,post-clipping,0.0001571816575336861,38.03598135756461,0.9824978709220886,1.7440853844931792,529200,8673,32762,41435,0.01638888888888889,0.06190854119425548,0.07829743008314437,0.007185275850871599,0.05288587883114815
4,20260813,50.png,BOSR_FULL_B1,final,0.0001637062686239068,37.85934690309209,0.9790558815002441,1.8075717101971547,,,,,,,0.0,,
4,20260813,54.png,RGB_ADD_FULL_B0P1,pre-clipping,0.0004493718102377047,33.47394175001454,0.9787061810493469,2.371104791580863,529200,10528,30,10558,0.019894179894179895,5.668934240362812e-05,0.019950869236583523,0.018259024373331226,0.05344896391034126
4,20260813,54.png,RGB_ADD_FULL_B0P1,post-clipping,0.00043985027346766056,33.566951336796514,0.9821219444274902,2.3251231335851354,529200,10528,30,10558,0.019894179894179895,5.668934240362812e-05,0.019950869236583523,0.018259024373331226,0.05344896391034126
4,20260813,54.png,BOSR_FULL_B1,final,0.00041140438350883204,33.85731085214083,0.9779691696166992,2.313076586867253,,,,,,,0.0,,
4,20260813,55.png,RGB_ADD_FULL_B0P1,pre-clipping,0.0016126566260662011,27.92458094656773,0.973372220993042,3.487353379766265,529200,24040,7953,31993,0.045427059712774,0.015028344671201814,0.060455404383975814,0.00759555735972762,0.04790753871202469
4,20260813,55.png,RGB_ADD_FULL_B0P1,post-clipping,0.0016010732987555955,27.955887851847628,0.9755287766456604,3.443014674544432,529200,24040,7953,31993,0.045427059712774,0.015028344671201814,0.060455404383975814,0.00759555735972762,0.04790753871202469
4,20260813,55.png,BOSR_FULL_B1,final,0.0015919432894348252,27.980724074050094,0.9715899229049683,3.4382758454703017,,,,,,,0.0,,
4,20260813,61.png,RGB_ADD_FULL_B0P1,pre-clipping,0.0017394609618149811,27.595853135439192,0.9761785268783569,3.577840066402335,529200,13667,0,13667,0.025825774754346182,0.0,0.025825774754346182,0.013585616349109446,0.04994264245033264
4,20260813,61.png,RGB_ADD_FULL_B0P1,post-clipping,0.0017304172938112801,27.61849153202992,0.9779343008995056,3.536592889072385,529200,13667,0,13667,0.025825774754346182,0.0,0.025825774754346182,0.013585616349109446,0.04994264245033264
4,20260813,61.png,BOSR_FULL_B1,final,0.0017300360279624437,27.61944852603944,0.973950207233429,3.5505834255230737,,,,,,,0.0,,
4,20260813,71.png,RGB_ADD_FULL_B0P1,pre-clipping,0.00017366396557927263,37.602902861791,0.9821305871009827,1.2654358853147678,529200,8323,11,8334,0.01572751322751323,2.0786092214663643e-05,0.01574829931972789,0.01953132434142195,0.05145033076405525
4,20260813,71.png,RGB_ADD_FULL_B0P1,post-clipping,0.00016589516148365373,37.80166280471079,0.983017086982727,1.2222171259800239,529200,8323,11,8334,0.01572751322751323,2.0786092214663643e-05,0.01574829931972789,0.01953132434142195,0.05145033076405525
4,20260813,71.png,BOSR_FULL_B1,final,0.0001616446860204903,37.91438568008268,0.9790608286857605,1.198970980818265,,,,,,,0.0,,
4,20260813,72.png,RGB_ADD_FULL_B0P1,pre-clipping,0.0006911451402811532,31.604307413317034,0.975807249546051,2.598718649259102,529200,21618,0,21618,0.040850340136054424,0.0,0.040850340136054424,0.012521094441370716,0.05395636707544327
4,20260813,72.png,RGB_ADD_FULL_B0P1,post-clipping,0.0006804262827232934,31.672189193080857,0.9781978130340576,2.5420633536223374,529200,21618,0,21618,0.040850340136054424,0.0,0.040850340136054424,0.012521094441370716,0.05395636707544327
4,20260813,72.png,BOSR_FULL_B1,final,0.0006975921554969569,31.563984117388205,0.9737542271614075,2.576200400443903,,,,,,,0.0,,
4,20260813,74.png,RGB_ADD_FULL_B0P1,pre-clipping,0.0007365934175055682,31.32772166493571,0.9787054657936096,2.6525267069832177,529200,8884,0,8884,0.016787603930461074,0.0,0.016787603930461074,0.018448612078188723,0.05492979288101196
4,20260813,74.png,RGB_ADD_FULL_B0P1,post-clipping,0.0007281543228741152,31.377765678435825,0.9793369770050049,2.612459466422162,529200,8884,0,8884,0.016787603930461074,0.0,0.016787603930461074,0.018448612078188723,0.05492979288101196
4,20260813,74.png,BOSR_FULL_B1,final,0.0007394877625904815,31.310690085276715,0.9760801792144775,2.634884285177505,,,,,,,0.0,,
4,20260813,88.png,RGB_ADD_FULL_B0P1,pre-clipping,0.00144799346768853,28.392333973607123,0.9606877565383911,3.8812980546838007,529200,31899,0,31899,0.06027777777777778,0.0,0.06027777777777778,0.010370031170942269,0.05262847617268562
4,20260813,88.png,RGB_ADD_FULL_B0P1,post-clipping,0.0014353190841795522,28.43051540676395,0.9695491790771484,3.8442377537837427,529200,31899,0,31899,0.06027777777777778,0.0,0.06027777777777778,0.010370031170942269,0.05262847617268562
4,20260813,88.png,BOSR_FULL_B1,final,0.0015166793972124885,28.191062127113863,0.9627366662025452,4.045776880340778,,,,,,,0.0,,
4,20260813,90.png,RGB_ADD_FULL_B0P1,pre-clipping,0.0003063487307403577,35.13783914690933,0.9648510813713074,1.8712377148291648,529200,19607,143,19750,0.03705026455026455,0.0002702191987906274,0.03732048374905518,0.017922079690107298,0.057202067226171494
4,20260813,90.png,RGB_ADD_FULL_B0P1,post-clipping,0.00028891739355089833,35.392263117529346,0.9743455648422241,1.7941202462728574,529200,19607,143,19750,0.03705026455026455,0.0002702191987906274,0.03732048374905518,0.017922079690107298,0.057202067226171494
4,20260813,90.png,BOSR_FULL_B1,final,0.0002951690936654518,35.29929118235308,0.966753363609314,1.8359364260629407,,,,,,,0.0,,
4,20260813,99.png,RGB_ADD_FULL_B0P1,pre-clipping,0.0006745235587481391,31.71002877340274,0.980838418006897,2.4327571791392253,529200,10772,30,10802,0.02035525321239607,5.668934240362812e-05,0.020411942554799698,0.01629964306205199,0.049394331872463226
4,20260813,99.png,RGB_ADD_FULL_B0P1,post-clipping,0.0006660893695521026,31.76467497407099,0.9822900295257568,2.3861823932262554,529200,10772,30,10802,0.02035525321239607,5.668934240362812e-05,0.020411942554799698,0.01629964306205199,0.049394331872463226
4,20260813,99.png,BOSR_FULL_B1,final,0.0007210648783902529,31.420256575284906,0.9776645302772522,2.46662756360627,,,,,,,0.0,,
4,20260813,106.png,RGB_ADD_FULL_B0P1,pre-clipping,0.0011464113547694388,29.406595210673686,0.9502255916595459,3.183372484017582,529200,43052,0,43052,0.08135298563869993,0.0,0.08135298563869993,0.01299273467811094,0.0517643466591835
4,20260813,106.png,RGB_ADD_FULL_B0P1,post-clipping,0.0011236975189616056,29.493505780241108,0.9740343689918518,3.144445488715523,529200,43052,0,43052,0.08135298563869993,0.0,0.08135298563869993,0.01299273467811094,0.0517643466591835
4,20260813,106.png,BOSR_FULL_B1,final,0.0011120313946971284,29.53882951646715,0.9692658185958862,3.1938269784313933,,,,,,,0.0,,
4,20260813,108.png,RGB_ADD_FULL_B0P1,pre-clipping,0.0002794122331556883,35.53754583634477,0.9809006452560425,1.7216218645211652,529200,9083,35,9118,0.017163643235071805,6.613756613756614e-05,0.017229780801209373,0.01742565867795475,0.051869262009859085
4,20260813,108.png,RGB_ADD_FULL_B0P1,post-clipping,0.00027188330299579935,35.65617462656882,0.982757568359375,1.6810047898397558,529200,9083,35,9118,0.017163643235071805,6.613756613756614e-05,0.017229780801209373,0.01742565867795475,0.051869262009859085
4,20260813,108.png,BOSR_FULL_B1,final,0.00027138820347567556,35.66409033893538,0.9785674214363098,1.6691125366399704,,,,,,,0.0,,
4,20260813,114.png,RGB_ADD_FULL_B0P1,pre-clipping,0.00040854406118409316,33.88761098257137,0.9801315665245056,2.011030156530086,529200,8902,0,8902,0.01682161753590325,0.0,0.01682161753590325,0.016717700437204046,0.04412488266825676
4,20260813,114.png,RGB_ADD_FULL_B0P1,post-clipping,0.00040199620852998387,33.95778042990832,0.9798835515975952,1.9716444483117146,529200,8902,0,8902,0.01682161753590325,0.0,0.01682161753590325,0.016717700437204046,0.04412488266825676
4,20260813,114.png,BOSR_FULL_B1,final,0.0004131449732771163,33.838975269237324,0.9763554930686951,2.035337475493747,,,,,,,0.0,,
4,20260813,122.png,RGB_ADD_FULL_B0P1,pre-clipping,0.00022939468834262545,36.39416642451293,0.981498122215271,1.4957382896516083,529200,9275,0,9275,0.017526455026455025,0.0,0.017526455026455025,0.018157470552453096,0.05090721324086189
4,20260813,122.png,RGB_ADD_FULL_B0P1,post-clipping,0.00022150075616506984,36.546247868325295,0.982481062412262,1.4532235223802956,529200,9275,0,9275,0.017526455026455025,0.0,0.017526455026455025,0.018157470552453096,0.05090721324086189
4,20260813,122.png,BOSR_FULL_B1,final,0.00023622522096526918,36.266737360988834,0.9783301949501038,1.5037015396523015,,,,,,,0.0,,
4,20260813,126.png,RGB_ADD_FULL_B0P1,pre-clipping,0.0005178384081375761,32.858057410320875,0.980556845664978,2.18259127272386,529200,8783,0,8783,0.016596749811035524,0.0,0.016596749811035524,0.017112660717107656,0.04656423255801201
4,20260813,126.png,RGB_ADD_FULL_B0P1,post-clipping,0.0005106977965171477,32.91836015969618,0.981263279914856,2.1434454380184786,529200,8783,0,8783,0.016596749811035524,0.0,0.016596749811035524,0.017112660717107656,0.04656423255801201
4,20260813,126.png,BOSR_FULL_B1,final,0.000506522917023327,32.95400900724986,0.9775848984718323,2.152187390252946,,,,,,,0.0,,
4,20260813,127.png,RGB_ADD_FULL_B0P1,pre-clipping,0.0024680047041868445,26.07654016842831,0.962888777256012,4.6181339117178934,529200,30450,38,30488,0.057539682539682536,7.180650037792895e-05,0.05761148904006047,0.009595708011975146,0.051730960607528687
4,20260813,127.png,RGB_ADD_FULL_B0P1,post-clipping,0.0024572660343950324,26.09547822349692,0.9675428867340088,4.5761899720131405,529200,30450,38,30488,0.057539682539682536,7.180650037792895e-05,0.05761148904006047,0.009595708011975146,0.051730960607528687
4,20260813,127.png,BOSR_FULL_B1,final,0.0025946081194013868,25.859282271925824,0.9587967991828918,4.761963514846939,,,,,,,0.0,,
4,20260813,129.png,RGB_ADD_FULL_B0P1,pre-clipping,0.0029933129767417696,25.23847871544156,0.965378999710083,4.933698320296837,529200,12403,1007,13410,0.02343726379440665,0.0019028722600151172,0.02534013605442177,0.01831679929103524,0.05315038189291954
4,20260813,129.png,RGB_ADD_FULL_B0P1,post-clipping,0.0029806293278223754,25.256920296335025,0.9684175252914429,4.875354284892381,529200,12403,1007,13410,0.02343726379440665,0.0019028722600151172,0.02534013605442177,0.01831679929103524,0.05315038189291954
4,20260813,129.png,BOSR_FULL_B1,final,0.0030093665301216587,25.215249135178148,0.9631906151771545,4.939506530601627,,,,,,,0.0,,
4,20260813,143.png,RGB_ADD_FULL_B0P1,pre-clipping,0.0005888090815839951,32.300255002136964,0.9800816774368286,2.373332726791465,529200,8287,42,8329,0.015659486016628872,7.936507936507937e-05,0.015738851095993954,0.01936724628450289,0.0490676611661911
4,20260813,143.png,RGB_ADD_FULL_B0P1,post-clipping,0.0005810044889760343,32.358205121363646,0.9813836216926575,2.332572919517565,529200,8287,42,8329,0.015659486016628872,7.936507936507937e-05,0.015738851095993954,0.01936724628450289,0.0490676611661911
4,20260813,143.png,BOSR_FULL_B1,final,0.000591138242791692,32.283109437197005,0.9775142073631287,2.3579068032192643,,,,,,,0.0,,
4,20260813,145.png,RGB_ADD_FULL_B0P1,pre-clipping,0.0001490556181131084,38.266516501611115,0.9821285605430603,1.0409571755711875,529200,9259,92,9351,0.017496220710506424,0.00017384731670445956,0.017670068027210883,0.018792655651452515,0.05078568682074547
4,20260813,145.png,RGB_ADD_FULL_B0P1,post-clipping,0.00014018977548521905,38.532836597807304,0.9829918146133423,0.997789395433637,529200,9259,92,9351,0.017496220710506424,0.00017384731670445956,0.017670068027210883,0.018792655651452515,0.05078568682074547
4,20260813,145.png,BOSR_FULL_B1,final,0.00014433699072175326,38.40622353538459,0.9793680310249329,1.0029393715728288,,,,,,,0.0,,
4,20260813,147.png,RGB_ADD_FULL_B0P1,pre-clipping,0.0003148835509200451,35.01850025712275,0.9809461236000061,1.800170835809136,529200,8202,0,8202,0.015498866213151927,0.0,0.015498866213151927,0.018833486713435446,0.050038762390613556
4,20260813,147.png,RGB_ADD_FULL_B0P1,post-clipping,0.0003078709386839597,35.11631304162273,0.9818450808525085,1.759477582392525,529200,8202,0,8202,0.015498866213151927,0.0,0.015498866213151927,0.018833486713435446,0.050038762390613556
4,20260813,147.png,BOSR_FULL_B1,final,0.00031474470819080265,35.02041562960699,0.9779360890388489,1.761817532906706,,,,,,,0.0,,
4,20260813,150.png,RGB_ADD_FULL_B0P1,pre-clipping,0.0005788087150351761,32.374649383975196,0.977150022983551,2.32083633580445,529200,21900,0,21900,0.041383219954648526,0.0,0.041383219954648526,0.009017521876328094,0.047131989151239395
4,20260813,150.png,RGB_ADD_FULL_B0P1,post-clipping,0.0005707292026740687,32.435699052051454,0.9784538149833679,2.2856941776617545,529200,21900,0,21900,0.041383219954648526,0.0,0.041383219954648526,0.009017521876328094,0.047131989151239395
4,20260813,150.png,BOSR_FULL_B1,final,0.0006401567562558038,31.937136665770723,0.972707986831665,2.4373562108438547,,,,,,,0.0,,
4,20260813,152.png,RGB_ADD_FULL_B0P1,pre-clipping,0.0009640493357714875,30.15900740262047,0.9763036966323853,3.027066537008074,529200,11276,0,11276,0.02130763416477702,0.0,0.02130763416477702,0.014805277761930555,0.0517522357404232
4,20260813,152.png,RGB_ADD_FULL_B0P1,post-clipping,0.000956826136322086,30.191669701601903,0.9766144752502441,2.9827655366242216,529200,11276,0,11276,0.02130763416477702,0.0,0.02130763416477702,0.014805277761930555,0.0517522357404232
4,20260813,152.png,BOSR_FULL_B1,final,0.0009568141005328862,30.19172433127298,0.9725608229637146,2.9911526697336455,,,,,,,0.0,,
4,20260813,153.png,RGB_ADD_FULL_B0P1,pre-clipping,0.000346987981511351,34.59685567438792,0.9751215577125549,1.8565513330278847,529200,42372,0,42372,0.08006802721088435,0.0,0.08006802721088435,0.0074127705669422925,0.04035577178001404
4,20260813,153.png,RGB_ADD_FULL_B0P1,post-clipping,0.00033765379609589167,34.71528363330942,0.9773159027099609,1.8193955209194732,529200,42372,0,42372,0.08006802721088435,0.0,0.08006802721088435,0.0074127705669422925,0.04035577178001404
4,20260813,153.png,BOSR_FULL_B1,final,0.0003642659144611643,34.38581465195079,0.9721669554710388,1.9509234796719934,,,,,,,0.0,,
4,20260813,156.png,RGB_ADD_FULL_B0P1,pre-clipping,0.0007010726604343033,31.542369686376887,0.9790166020393372,2.170609787909942,529200,14702,25,14727,0.027781557067271354,4.72411186696901e-05,0.027828798185941042,0.013389731061891326,0.052346911281347275
4,20260813,156.png,RGB_ADD_FULL_B0P1,post-clipping,0.00069121703239625,31.60385568873249,0.9823480248451233,2.127722591311876,529200,14702,25,14727,0.027781557067271354,4.72411186696901e-05,0.027828798185941042,0.013389731061891326,0.052346911281347275
4,20260813,156.png,BOSR_FULL_B1,final,0.0007298552935938338,31.367632377197555,0.9779510498046875,2.1806789176107033,,,,,,,0.0,,
4,20260813,158.png,RGB_ADD_FULL_B0P1,pre-clipping,0.0015778850732628426,28.019246322200217,0.9759431481361389,3.823001044959164,529200,8570,3947,12517,0.016194255479969766,0.007458427815570673,0.02365268329554044,0.01587920316331961,0.0535840205848217
4,20260813,158.png,RGB_ADD_FULL_B0P1,post-clipping,0.0015670644260157474,28.049131482104393,0.9790406823158264,3.7832509490383583,529200,8570,3947,12517,0.016194255479969766,0.007458427815570673,0.02365268329554044,0.01587920316331961,0.0535840205848217
4,20260813,158.png,BOSR_FULL_B1,final,0.0015450904575544271,28.110460896587377,0.97548907995224,3.788700392243777,,,,,,,0.0,,
4,20260813,171.png,RGB_ADD_FULL_B0P1,pre-clipping,0.0008068324594799075,30.932166381124212,0.8602231740951538,2.6036301186916084,529200,86122,0,86122,0.16273998488284203,0.0,0.16273998488284203,0.01705510287144425,0.04495273903012276
4,20260813,171.png,RGB_ADD_FULL_B0P1,post-clipping,0.0007435817210360858,31.28671294734909,0.9536027908325195,2.4094598091364867,529200,86122,0,86122,0.16273998488284203,0.0,0.16273998488284203,0.01705510287144425,0.04495273903012276
4,20260813,171.png,BOSR_FULL_B1,final,0.0007287218604355017,31.374382021726014,0.9338115453720093,2.5270723864563562,,,,,,,0.0,,
4,20260813,178.png,RGB_ADD_FULL_B0P1,pre-clipping,0.0010059386636966882,29.974284992305567,0.977131724357605,2.7035057592177996,529200,22245,0,22245,0.04203514739229025,0.0,0.04203514739229025,0.009773941333556234,0.05264808610081673
4,20260813,178.png,RGB_ADD_FULL_B0P1,post-clipping,0.0009967010073128045,30.014351028204555,0.9790996313095093,2.662653054614624,529200,22245,0,22245,0.04203514739229025,0.0,0.04203514739229025,0.009773941333556234,0.05264808610081673
4,20260813,178.png,BOSR_FULL_B1,final,0.0010246792533082248,29.894120568694674,0.9744690656661987,2.7273067424017094,,,,,,,0.0,,
4,20260813,183.png,RGB_ADD_FULL_B0P1,pre-clipping,0.0007698177978235912,31.136120524422285,0.9768164157867432,2.7794130841337616,529200,9056,202,9258,0.017112622826908543,0.000381708238851096,0.017494331065759636,0.019005576917290778,0.04900557920336723
4,20260813,183.png,RGB_ADD_FULL_B0P1,post-clipping,0.0007606518393996711,31.18814080189174,0.9797570705413818,2.7377022089383654,529200,9056,202,9258,0.017112622826908543,0.000381708238851096,0.017494331065759636,0.019005576917290778,0.04900557920336723
4,20260813,183.png,BOSR_FULL_B1,final,0.000731317453234995,31.358940618099922,0.9769423604011536,2.6370136172392904,,,,,,,0.0,,
4,20260813,184.png,RGB_ADD_FULL_B0P1,pre-clipping,0.001437052757332637,28.425272876779797,0.9762856960296631,3.520908245072358,529200,9132,37525,46657,0.0172562358276644,0.07090891912320484,0.08816515495086924,0.007028288761602372,0.055108726024627686
4,20260813,184.png,RGB_ADD_FULL_B0P1,post-clipping,0.0014210057590749966,28.47404161953302,0.9790018200874329,3.509299396775705,529200,9132,37525,46657,0.0172562358276644,0.07090891912320484,0.08816515495086924,0.007028288761602372,0.055108726024627686
4,20260813,184.png,BOSR_FULL_B1,final,0.0013517319998411366,28.691094049383686,0.9758283495903015,3.490006476026224,,,,,,,0.0,,
4,20260813,193.png,RGB_ADD_FULL_B0P1,pre-clipping,0.001891925882271152,27.230958814390647,0.9730619192123413,4.283726686411464,529200,8852,77,8929,0.01672713529856387,0.0001455026455026455,0.016872637944066515,0.020480081642638467,0.05359653756022453
4,20260813,193.png,RGB_ADD_FULL_B0P1,post-clipping,0.0018827832855398666,27.251996658094715,0.9765918850898743,4.23773685675409,529200,8852,77,8929,0.01672713529856387,0.0001455026455026455,0.016872637944066515,0.020480081642638467,0.05359653756022453
4,20260813,193.png,BOSR_FULL_B1,final,0.0018036224575861965,27.438543657667527,0.9724355340003967,4.24117376707812,,,,,,,0.0,,
4,20260813,198.png,RGB_ADD_FULL_B0P1,pre-clipping,0.0009226710839840218,30.349530897312285,0.9703189730644226,3.4598947993231417,529200,10641,38,10679,0.020107709750566895,7.180650037792895e-05,0.020179516250944822,0.019615112274297197,0.04885069280862808
4,20260813,198.png,RGB_ADD_FULL_B0P1,post-clipping,0.0009118125195549766,30.400944490540883,0.9785171151161194,3.4124042962545436,529200,10641,38,10679,0.020107709750566895,7.180650037792895e-05,0.020179516250944822,0.019615112274297197,0.04885069280862808
4,20260813,198.png,BOSR_FULL_B1,final,0.0009223601673500756,30.350994605633055,0.9736067652702332,3.4152383369899737,,,,,,,0.0,,
4,20260813,206.png,RGB_ADD_FULL_B0P1,pre-clipping,0.00022026900915017727,36.570466018135726,0.8891804814338684,1.7664001797182987,529200,68421,0,68421,0.12929138321995465,0.0,0.12929138321995465,0.01760279883012522,0.046139221638441086
4,20260813,206.png,RGB_ADD_FULL_B0P1,post-clipping,0.00016798805148156713,37.74721607322731,0.9459613561630249,1.5361399602506904,529200,68421,0,68421,0.12929138321995465,0.0,0.12929138321995465,0.01760279883012522,0.046139221638441086
4,20260813,206.png,BOSR_FULL_B1,final,0.0001809533103434739,37.42433467539183,0.9119803309440613,1.6080690321227455,,,,,,,0.0,,
4,20260813,212.png,RGB_ADD_FULL_B0P1,pre-clipping,0.0002561609055442803,35.91487150164825,0.9814825057983398,1.443201673928573,529200,23590,21146,44736,0.044576719576719576,0.03995842781557067,0.08453514739229025,0.007384809311475452,0.05068368464708328
4,20260813,212.png,RGB_ADD_FULL_B0P1,post-clipping,0.0002432555264220381,36.13937284390208,0.9832988381385803,1.3731301459606928,529200,23590,21146,44736,0.044576719576719576,0.03995842781557067,0.08453514739229025,0.007384809311475452,0.05068368464708328
4,20260813,212.png,BOSR_FULL_B1,final,0.00023856006195113974,36.224022611100835,0.9792725443840027,1.390865153201022,,,,,,,0.0,,
4,20260813,225.png,RGB_ADD_FULL_B0P1,pre-clipping,0.0001134982641902217,39.450107803948484,0.9819487929344177,1.138227285790996,529200,8653,1,8654,0.016351095993953138,1.8896447467876038e-06,0.016352985638699923,0.017731775754457304,0.05154302343726158
4,20260813,225.png,RGB_ADD_FULL_B0P1,post-clipping,0.00010640877381448028,39.7302256130678,0.9832055568695068,1.0968181016927891,529200,8653,1,8654,0.016351095993953138,1.8896447467876038e-06,0.016352985638699923,0.017731775754457304,0.05154302343726158
4,20260813,225.png,BOSR_FULL_B1,final,0.00011437092473691355,39.41684367424313,0.9789147973060608,1.0668619804590809,,,,,,,0.0,,
4,20260813,234.png,RGB_ADD_FULL_B0P1,pre-clipping,0.00018436566525808985,37.343199551769125,0.9678145051002502,1.3808854292469601,529200,37820,27,37847,0.07146636432350718,5.102040816326531e-05,0.07151738473167045,0.011285363007586228,0.0572306327521801
4,20260813,234.png,RGB_ADD_FULL_B0P1,post-clipping,0.00016825144809170722,37.74041189240501,0.9804767370223999,1.3036329517864838,529200,37820,27,37847,0.07146636432350718,5.102040816326531e-05,0.07151738473167045,0.011285363007586228,0.0572306327521801
4,20260813,234.png,BOSR_FULL_B1,final,0.0001770719174744064,37.51850309803514,0.9754993915557861,1.3157983656138617,,,,,,,0.0,,
4,20260813,236.png,RGB_ADD_FULL_B0P1,pre-clipping,0.0017905623666309364,27.470105475859175,0.9730677008628845,3.481463391951346,529200,32748,0,32748,0.06188208616780046,0.0,0.06188208616780046,0.0073864598067994456,0.050727155059576035
4,20260813,236.png,RGB_ADD_FULL_B0P1,post-clipping,0.0017812733561806834,27.49269428110495,0.9750176072120667,3.4477285530782926,529200,32748,0,32748,0.06188208616780046,0.0,0.06188208616780046,0.0073864598067994456,0.050727155059576035
4,20260813,236.png,BOSR_FULL_B1,final,0.0018192175427133518,27.401153647347964,0.9701960682868958,3.52153452450736,,,,,,,0.0,,
4,20260813,244.png,RGB_ADD_FULL_B0P1,pre-clipping,0.00013890411904578042,38.57284875555911,0.9674885869026184,1.2962014229598395,529200,24251,0,24251,0.04582577475434618,0.0,0.04582577475434618,0.01527055154929899,0.04633316770195961
4,20260813,244.png,RGB_ADD_FULL_B0P1,post-clipping,0.00012298063936909686,39.101632534140826,0.9816010594367981,1.2339552507673894,529200,24251,0,24251,0.04582577475434618,0.0,0.04582577475434618,0.01527055154929899,0.04633316770195961
4,20260813,244.png,BOSR_FULL_B1,final,0.00014136626976680102,38.496542015832034,0.9746633768081665,1.3201907948113867,,,,,,,0.0,,
4,20260813,247.png,RGB_ADD_FULL_B0P1,pre-clipping,0.00011837415474821491,39.26743109061504,0.9819206595420837,1.0107367616806426,529200,10943,0,10943,0.02067838246409675,0.0,0.02067838246409675,0.015957986725807168,0.050970613956451416
4,20260813,247.png,RGB_ADD_FULL_B0P1,post-clipping,0.00010981028699441324,39.593569734046746,0.983581006526947,0.9655671488708906,529200,10943,0,10943,0.02067838246409675,0.0,0.02067838246409675,0.015957986725807168,0.050970613956451416
4,20260813,247.png,BOSR_FULL_B1,final,0.00011101818988004275,39.5460585799423,0.9794119596481323,0.9733666091281842,,,,,,,0.0,,
4,20260813,250.png,RGB_ADD_FULL_B0P1,pre-clipping,0.0005784918031234564,32.37702790356954,0.9636035561561584,2.5902853581663843,529200,19264,0,19264,0.0364021164021164,0.0,0.0364021164021164,0.01623470876752932,0.047277480363845825
4,20260813,250.png,RGB_ADD_FULL_B0P1,post-clipping,0.0005650131309826808,32.47941458999935,0.9748432040214539,2.5303003719283073,529200,19264,0,19264,0.0364021164021164,0.0,0.0364021164021164,0.01623470876752932,0.047277480363845825
4,20260813,250.png,BOSR_FULL_B1,final,0.0005457374120153539,32.630162729441906,0.9686216711997986,2.5041487219169354,,,,,,,0.0,,
4,20260813,253.png,RGB_ADD_FULL_B0P1,pre-clipping,0.0001149402958169033,39.395276894758254,0.9816924929618835,1.1829393132025476,529200,8091,0,8091,0.015289115646258504,0.0,0.015289115646258504,0.01813424289176158,0.057532668113708496
4,20260813,253.png,RGB_ADD_FULL_B0P1,post-clipping,0.00010834782722087479,39.651797934853356,0.9831312894821167,1.1417967331586563,529200,8091,0,8091,0.015289115646258504,0.0,0.015289115646258504,0.01813424289176158,0.057532668113708496
4,20260813,253.png,BOSR_FULL_B1,final,0.00011152815019788551,39.52615500933361,0.9786275625228882,1.1188072303032217,,,,,,,0.0,,
4,20260813,260.png,RGB_ADD_FULL_B0P1,pre-clipping,0.0013836679672687014,28.589681131185305,0.9663478136062622,3.1876657791792944,529200,40807,7,40814,0.07711073318216176,1.3227513227513228e-05,0.07712396069538927,0.00999001779843469,0.04362337291240692
4,20260813,260.png,RGB_ADD_FULL_B0P1,post-clipping,0.0013694363627721306,28.634581444534994,0.9762434959411621,3.160306417591271,529200,40807,7,40814,0.07711073318216176,1.3227513227513228e-05,0.07712396069538927,0.00999001779843469,0.04362337291240692
4,20260813,260.png,BOSR_FULL_B1,final,0.001342878895641517,28.719631513864808,0.9723520874977112,3.185506457446256,,,,,,,0.0,,
4,20260813,261.png,RGB_ADD_FULL_B0P1,pre-clipping,0.0015933174860184149,27.97697677627825,0.9775443077087402,3.5578714495970685,529200,11131,9,11140,0.02103363567649282,1.7006802721088435e-05,0.02105064247921391,0.01531348174681234,0.05276182293891907
4,20260813,261.png,RGB_ADD_FULL_B0P1,post-clipping,0.001585301023400868,27.998882600146224,0.9787740707397461,3.515718611047284,529200,11131,9,11140,0.02103363567649282,1.7006802721088435e-05,0.02105064247921391,0.01531348174681234,0.05276182293891907
4,20260813,261.png,BOSR_FULL_B1,final,0.001553481827755821,28.086938226481635,0.9748790860176086,3.4945060816238085,,,,,,,0.0,,
4,20260813,272.png,RGB_ADD_FULL_B0P1,pre-clipping,0.00013192230690915784,38.79681762842937,0.9822033643722534,1.044742001122192,529200,16496,32,16528,0.031171579743008316,6.046863189720332e-05,0.031232048374905518,0.011782251699790544,0.0446554459631443
4,20260813,272.png,RGB_ADD_FULL_B0P1,post-clipping,0.00012313402191592524,39.09621934973449,0.9834464192390442,0.9966316095323979,529200,16496,32,16528,0.031171579743008316,6.046863189720332e-05,0.031232048374905518,0.011782251699790544,0.0446554459631443
4,20260813,272.png,BOSR_FULL_B1,final,0.0001258852950289869,39.00024997936236,0.9793371558189392,0.986999654796618,,,,,,,0.0,,
4,20260813,279.png,RGB_ADD_FULL_B0P1,pre-clipping,0.0011360179984135094,29.44614787859376,0.9790078401565552,3.0670546208564726,529200,9558,0,9558,0.01806122448979592,0.0,0.01806122448979592,0.018081231329359355,0.05256832391023636
4,20260813,279.png,RGB_ADD_FULL_B0P1,post-clipping,0.0011274847739733576,29.478893143049916,0.9805556535720825,3.0219432227251457,529200,9558,0,9558,0.01806122448979592,0.0,0.01806122448979592,0.018081231329359355,0.05256832391023636
4,20260813,279.png,BOSR_FULL_B1,final,0.0012060324375768293,29.18641011208162,0.9761337637901306,3.1144036423140715,,,,,,,0.0,,
4,20260813,287.png,RGB_ADD_FULL_B0P1,pre-clipping,0.0007876626959164046,31.036597224388906,0.978675127029419,2.812546830539814,529200,8102,0,8102,0.015309901738473167,0.0,0.015309901738473167,0.018254820534735653,0.047698602080345154
4,20260813,287.png,RGB_ADD_FULL_B0P1,post-clipping,0.0007808491102239085,31.074328802433495,0.9791600704193115,2.7731561152202775,529200,8102,0,8102,0.015309901738473167,0.0,0.015309901738473167,0.018254820534735653,0.047698602080345154
4,20260813,287.png,BOSR_FULL_B1,final,0.0007729808754118112,31.118312509793018,0.975570559501648,2.7856564062618796,,,,,,,0.0,,
4,20260813,297.png,RGB_ADD_FULL_B0P1,pre-clipping,0.0001502467537709939,38.23194902583622,0.9709625840187073,1.3122033313089938,529200,41833,0,41833,0.07904950869236584,0.0,0.07904950869236584,0.010630889081282431,0.04659702628850937
4,20260813,297.png,RGB_ADD_FULL_B0P1,post-clipping,0.00013512983728525719,38.692487461842944,0.9823295474052429,1.2250272595483302,529200,41833,0,41833,0.07904950869236584,0.0,0.07904950869236584,0.010630889081282431,0.04659702628850937
4,20260813,297.png,BOSR_FULL_B1,final,0.00016052790650634359,37.944494580366715,0.9768280982971191,1.313161688608672,,,,,,,0.0,,
4,20260813,312.png,RGB_ADD_FULL_B0P1,pre-clipping,0.0008713950220609743,30.597849253477346,0.968176007270813,2.933293346048742,529200,19060,0,19060,0.03601662887377173,0.0,0.03601662887377173,0.012946845721262363,0.0418139211833477
4,20260813,312.png,RGB_ADD_FULL_B0P1,post-clipping,0.0008615821184638305,30.647033230957213,0.9719451665878296,2.879466188317323,529200,19060,0,19060,0.03601662887377173,0.0,0.03601662887377173,0.012946845721262363,0.0418139211833477
4,20260813,312.png,BOSR_FULL_B1,final,0.0007763309848064394,31.099530799941014,0.9672505855560303,2.7194106530786146,,,,,,,0.0,,
4,20260813,314.png,RGB_ADD_FULL_B0P1,pre-clipping,0.0016986310122575066,27.699009511747448,0.9733018279075623,3.693987207341253,529200,10449,2,10451,0.019744897959183674,3.7792894935752077e-06,0.019748677248677248,0.017934282294523887,0.04987030848860741
4,20260813,314.png,RGB_ADD_FULL_B0P1,post-clipping,0.0016893671659600137,27.722759508902964,0.9797449111938477,3.644520678200624,529200,10449,2,10451,0.019744897959183674,3.7792894935752077e-06,0.019748677248677248,0.017934282294523887,0.04987030848860741
4,20260813,314.png,BOSR_FULL_B1,final,0.0017770755067411307,27.502941189226945,0.9746060371398926,3.6494099851735635,,,,,,,0.0,,
4,20260813,316.png,RGB_ADD_FULL_B0P1,pre-clipping,0.00021052882667587196,36.76688429951244,0.9815347194671631,1.4878674120871564,529200,9212,0,9212,0.017407407407407406,0.0,0.017407407407407406,0.01734679746183883,0.048487719148397446
4,20260813,316.png,RGB_ADD_FULL_B0P1,post-clipping,0.00020326676291246485,36.91933629053982,0.9821145534515381,1.4453344357838762,529200,9212,0,9212,0.017407407407407406,0.0,0.017407407407407406,0.01734679746183883,0.048487719148397446
4,20260813,316.png,BOSR_FULL_B1,final,0.00021857531525295825,36.60398886552648,0.9779242277145386,1.4816728624852085,,,,,,,0.0,,
4,20260813,317.png,RGB_ADD_FULL_B0P1,pre-clipping,0.0001260163145499443,38.99573225832044,0.9821256399154663,1.0838787602194204,529200,10075,0,10075,0.01903817082388511,0.0,0.01903817082388511,0.016225291179151044,0.04785359650850296
4,20260813,317.png,RGB_ADD_FULL_B0P1,post-clipping,0.0001186199315367431,39.25842330962128,0.9829822182655334,1.0412108270046274,529200,10075,0,10075,0.01903817082388511,0.0,0.01903817082388511,0.016225291179151044,0.04785359650850296
4,20260813,317.png,BOSR_FULL_B1,final,0.0001269202653303388,38.96469028666003,0.9788686633110046,1.0386657927506027,,,,,,,0.0,,
4,20260813,327.png,RGB_ADD_FULL_B0P1,pre-clipping,0.0005902119849930177,32.289919758535355,0.9232296347618103,2.5587238212028627,529200,42006,0,42006,0.07937641723356009,0.0,0.07937641723356009,0.017618429385886633,0.04899582639336586
4,20260813,327.png,RGB_ADD_FULL_B0P1,post-clipping,0.000556262404825359,32.54720291000437,0.9474501609802246,2.4169968872297747,529200,42006,0,42006,0.07937641723356009,0.0,0.07937641723356009,0.017618429385886633,0.04899582639336586
4,20260813,327.png,BOSR_FULL_B1,final,0.0005803999577044298,32.362726278827054,0.9298423528671265,2.516242246027897,,,,,,,0.0,,
4,20260813,338.png,RGB_ADD_FULL_B0P1,pre-clipping,0.0019389230495275613,27.124394265214534,0.9746951460838318,4.188675783375837,529200,8223,0,8223,0.015538548752834468,0.0,0.015538548752834468,0.017960806037293636,0.042779888957738876
4,20260813,338.png,RGB_ADD_FULL_B0P1,post-clipping,0.0019322720309781075,27.1393173235316,0.9755187034606934,4.147780842304027,529200,8223,0,8223,0.015538548752834468,0.0,0.015538548752834468,0.017960806037293636,0.042779888957738876
4,20260813,338.png,BOSR_FULL_B1,final,0.0019292370511869482,27.146144060019054,0.9714170098304749,4.195621786999422,,,,,,,0.0,,
4,20260813,346.png,RGB_ADD_FULL_B0P1,pre-clipping,0.0005886565614954546,32.30138010729128,0.9790956377983093,2.441856037106604,529200,12344,6,12350,0.023325774754346183,1.1337868480725624e-05,0.023337112622826908,0.01426671603715617,0.047726452350616455
4,20260813,346.png,RGB_ADD_FULL_B0P1,post-clipping,0.0005803930091372792,32.36277827301477,0.9804826974868774,2.398445050840488,529200,12344,6,12350,0.023325774754346183,1.1337868480725624e-05,0.023337112622826908,0.01426671603715617,0.047726452350616455
4,20260813,346.png,BOSR_FULL_B1,final,0.0005866905673121059,32.315908942231324,0.9767221808433533,2.4068495940481616,,,,,,,0.0,,
4,20260813,350.png,RGB_ADD_FULL_B0P1,pre-clipping,0.00032369183374875165,34.89868257046582,0.9810541868209839,2.086839137089891,529200,8600,0,8600,0.016250944822373395,0.0,0.016250944822373395,0.02018720425782534,0.047331519424915314
4,20260813,350.png,RGB_ADD_FULL_B0P1,post-clipping,0.00031481752648022005,35.019410976542524,0.9833341836929321,2.043691765166152,529200,8600,0,8600,0.016250944822373395,0.0,0.016250944822373395,0.02018720425782534,0.047331519424915314
4,20260813,350.png,BOSR_FULL_B1,final,0.0003212580935099665,34.93145922267837,0.9792559742927551,2.0507825262103667,,,,,,,0.0,,
4,20260813,360.png,RGB_ADD_FULL_B0P1,pre-clipping,0.0004060602430202583,33.91409529796227,0.9575519561767578,1.9378461000944804,529200,41901,0,41901,0.0791780045351474,0.0,0.0791780045351474,0.012892874680173413,0.05014614388346672
4,20260813,360.png,RGB_ADD_FULL_B0P1,post-clipping,0.00038651385728241336,34.12834931154702,0.9792174696922302,1.8649673465332115,529200,41901,0,41901,0.0791780045351474,0.0,0.0791780045351474,0.012892874680173413,0.05014614388346672
4,20260813,360.png,BOSR_FULL_B1,final,0.00037571736036153675,34.25138737502408,0.9750019907951355,1.8890933604271138,,,,,,,0.0,,
4,20260813,378.png,RGB_ADD_FULL_B0P1,pre-clipping,0.00017882995597577896,37.475597303651284,0.964554488658905,1.430409552060694,529200,26178,8,26186,0.049467120181405894,1.511715797430083e-05,0.049482237339380196,0.015510607906483048,0.04985746368765831
4,20260813,378.png,RGB_ADD_FULL_B0P1,post-clipping,0.00016112877693497384,37.92826889450532,0.9839003086090088,1.3708584375248563,529200,26178,8,26186,0.049467120181405894,1.511715797430083e-05,0.049482237339380196,0.015510607906483048,0.04985746368765831
4,20260813,378.png,BOSR_FULL_B1,final,0.00016104912723274292,37.93041624393069,0.9774445295333862,1.4248073333751037,,,,,,,0.0,,
4,20260813,380.png,RGB_ADD_FULL_B0P1,pre-clipping,0.000546337564899648,32.625389373807984,0.9775756597518921,2.0419836388219013,529200,19797,1442,21239,0.03740929705215419,0.002724867724867725,0.04013416477702192,0.01263358268106849,0.05075162649154663
4,20260813,380.png,RGB_ADD_FULL_B0P1,post-clipping,0.0005345027536965933,32.720500530143156,0.9838418960571289,1.9832969644022485,529200,19797,1442,21239,0.03740929705215419,0.002724867724867725,0.04013416477702192,0.01263358268106849,0.05075162649154663
4,20260813,380.png,BOSR_FULL_B1,final,0.0005192242138756923,32.84645062533976,0.9783667325973511,1.9926596263391791,,,,,,,0.0,,
4,20260813,383.png,RGB_ADD_FULL_B0P1,pre-clipping,0.00047788459925443604,33.206769652243175,0.9797894358634949,2.0578354360156657,529200,20506,146,20652,0.038749055177626605,0.00027588813303099015,0.039024943310657596,0.010080904694706124,0.044814180582761765
4,20260813,383.png,RGB_ADD_FULL_B0P1,post-clipping,0.00046950842451138567,33.28356610669473,0.9802605509757996,2.018778986657417,529200,20506,146,20652,0.038749055177626605,0.00027588813303099015,0.039024943310657596,0.010080904694706124,0.044814180582761765
4,20260813,383.png,BOSR_FULL_B1,final,0.00044015104714646334,33.5639826059314,0.9765007495880127,1.974869802013442,,,,,,,0.0,,
4,20260813,386.png,RGB_ADD_FULL_B0P1,pre-clipping,0.0024654815450017367,26.080982439679303,0.973173975944519,4.436111035734764,529200,19374,0,19374,0.03660997732426304,0.0,0.03660997732426304,0.0107853249956404,0.046788282692432404
4,20260813,386.png,RGB_ADD_FULL_B0P1,post-clipping,0.0024571238130784963,26.0957295911536,0.9740601181983948,4.400323462751575,529200,19374,0,19374,0.03660997732426304,0.0,0.03660997732426304,0.0107853249956404,0.046788282692432404
4,20260813,386.png,BOSR_FULL_B1,final,0.002409511729567376,26.180709552005034,0.9702731966972351,4.4124337815452295,,,,,,,0.0,,
4,20260813,387.png,RGB_ADD_FULL_B0P1,pre-clipping,0.0008572211011255946,30.66907147021697,0.9777226448059082,2.89282617567898,529200,8103,0,8103,0.015311791383219954,0.0,0.015311791383219954,0.018025631389916343,0.061375122517347336
4,20260813,387.png,RGB_ADD_FULL_B0P1,post-clipping,0.0008505222007441271,30.70314345737677,0.9781344532966614,2.8519344033980336,529200,8103,0,8103,0.015311791383219954,0.0,0.015311791383219954,0.018025631389916343,0.061375122517347336
4,20260813,387.png,BOSR_FULL_B1,final,0.0008830294428787488,30.54024815486313,0.9736144542694092,2.8644955651050092,,,,,,,0.0,,
4,20260813,390.png,RGB_ADD_FULL_B0P1,pre-clipping,0.00011137238702816035,39.53222472068993,0.9823831915855408,0.9064012166936258,529200,10332,0,10332,0.019523809523809523,0.0,0.019523809523809523,0.01729134261969583,0.05307244881987572
4,20260813,390.png,RGB_ADD_FULL_B0P1,post-clipping,0.00010263147405627235,39.887194334463636,0.9831095337867737,0.8611878556039022,529200,10332,0,10332,0.019523809523809523,0.0,0.019523809523809523,0.01729134261969583,0.05307244881987572
4,20260813,390.png,BOSR_FULL_B1,final,0.00011229762092115711,39.49629444377528,0.979184627532959,0.8962178387748765,,,,,,,0.0,,
4,20260813,398.png,RGB_ADD_FULL_B0P1,pre-clipping,0.0027991256516259493,25.529776057914418,0.912385106086731,4.292205331211195,529200,64256,0,64256,0.12142101284958427,0.0,0.12142101284958427,0.013554074614403366,0.04633019119501114
4,20260813,398.png,RGB_ADD_FULL_B0P1,post-clipping,0.002764964159305986,25.583104938408457,0.9588214755058289,4.279288228399965,529200,64256,0,64256,0.12142101284958427,0.0,0.12142101284958427,0.013554074614403366,0.04633019119501114
4,20260813,398.png,BOSR_FULL_B1,final,0.002735242135000528,25.630042220764512,0.9585838913917542,4.312415297220422,,,,,,,0.0,,
